time_tag,flux
2024-05-11T09:40:00Z,3.0135021209716797
2024-05-11T09:45:00Z,2.8321189880371094
2024-05-11T09:50:00Z,2.0423424243927
2024-05-11T09:55:00Z,1.7949703931808472
2024-05-11T10:00:00Z,1.7895365953445435
2024-05-11T10:05:00Z,1.8772889375686646
2024-05-11T10:10:00Z,1.9836875200271606
2024-05-11T10:15:00Z,2.1530542373657227
2024-05-11T10:20:00Z,2.331594228744507
2024-05-11T10:25:00Z,2.405766725540161
2024-05-11T10:30:00Z,1.5159237384796143
2024-05-11T10:35:00Z,2.041262149810791
2024-05-11T10:40:00Z,2.0620195865631104
2024-05-11T10:45:00Z,1.7302898168563843
2024-05-11T10:50:00Z,1.4937845468521118
2024-05-11T10:55:00Z,1.8207099437713623
2024-05-11T11:00:00Z,2.379777193069458
2024-05-11T11:05:00Z,1.7859904766082764
2024-05-11T11:10:00Z,1.5878775119781494
2024-05-11T11:15:00Z,1.4828946590423584
2024-05-11T11:20:00Z,1.3446943759918213
2024-05-11T11:25:00Z,1.3889248371124268
2024-05-11T11:30:00Z,1.3924453258514404
2024-05-11T11:35:00Z,1.7661136388778687
2024-05-11T11:40:00Z,1.4143813848495483
2024-05-11T11:45:00Z,1.5027607679367065
2024-05-11T11:50:00Z,1.6680831909179688
2024-05-11T11:55:00Z,1.6079587936401367
2024-05-11T12:00:00Z,1.7403253316879272
2024-05-11T12:05:00Z,1.797155737876892
2024-05-11T12:10:00Z,2.022878885269165
2024-05-11T12:15:00Z,2.205580949783325
2024-05-11T12:20:00Z,2.0992584228515625
2024-05-11T12:25:00Z,1.9357507228851318
2024-05-11T12:30:00Z,1.6412724256515503
2024-05-11T12:35:00Z,2.139838218688965
2024-05-11T12:40:00Z,2.1874964237213135
2024-05-11T12:45:00Z,1.965876579284668
2024-05-11T12:50:00Z,1.3647029399871826
2024-05-11T12:55:00Z,1.2273985147476196
2024-05-11T13:00:00Z,1.1589275598526
2024-05-11T13:05:00Z,1.107743501663208
2024-05-11T13:10:00Z,0.9455938935279846
2024-05-11T13:15:00Z,0.9788485765457153
2024-05-11T13:20:00Z,1.0008174180984497
2024-05-11T13:25:00Z,1.1832575798034668
2024-05-11T13:30:00Z,1.1898255348205566
2024-05-11T13:35:00Z,1.342348337173462
2024-05-11T13:40:00Z,1.2832846641540527
2024-05-11T13:45:00Z,1.1708476543426514
2024-05-11T13:50:00Z,1.1614183187484741
2024-05-11T13:55:00Z,1.01603364944458
2024-05-11T14:00:00Z,1.0183422565460205
2024-05-11T14:05:00Z,1.0187289714813232
2024-05-11T14:10:00Z,0.9904240965843201
2024-05-11T14:15:00Z,0.9661107659339905
2024-05-11T14:20:00Z,1.115957498550415
2024-05-11T14:25:00Z,1.2743699550628662
2024-05-11T14:30:00Z,0.899764358997345
2024-05-11T14:35:00Z,0.9485618472099304
2024-05-11T14:40:00Z,1.1258540153503418
2024-05-11T14:45:00Z,1.075757622718811
2024-05-11T14:50:00Z,1.1879878044128418
2024-05-11T14:55:00Z,1.0854429006576538
2024-05-11T15:00:00Z,0.9629572033882141
2024-05-11T15:05:00Z,0.8526431918144226
2024-05-11T15:10:00Z,0.7529733777046204
2024-05-11T15:15:00Z,0.7027162313461304
2024-05-11T15:20:00Z,0.7402204871177673
2024-05-11T15:25:00Z,0.7437570095062256
2024-05-11T15:30:00Z,0.6850113868713379
2024-05-11T15:35:00Z,0.6527766585350037
2024-05-11T15:40:00Z,0.7186527848243713
2024-05-11T15:45:00Z,0.6297669410705566
2024-05-11T15:50:00Z,0.6311017870903015
2024-05-11T15:55:00Z,0.6675682663917542
2024-05-11T16:00:00Z,0.7145736813545227
2024-05-11T16:05:00Z,0.8292001485824585
2024-05-11T16:10:00Z,0.7963817119598389
2024-05-11T16:15:00Z,0.7961681485176086
2024-05-11T16:20:00Z,0.7834504246711731
2024-05-11T16:25:00Z,0.7188109159469604
2024-05-11T16:30:00Z,0.6456331014633179
2024-05-11T16:35:00Z,0.7069495320320129
2024-05-11T16:40:00Z,0.6667746305465698
2024-05-11T16:45:00Z,0.7506954669952393
2024-05-11T16:50:00Z,0.7448773980140686
2024-05-11T16:55:00Z,0.7721769213676453
2024-05-11T17:00:00Z,0.7436627745628357
2024-05-11T17:05:00Z,1.4247006177902222
2024-05-11T17:10:00Z,1.1521631479263306
2024-05-11T17:15:00Z,0.7595954537391663
2024-05-11T17:20:00Z,0.8503479957580566
2024-05-11T17:25:00Z,0.905584454536438
2024-05-11T17:30:00Z,0.854644238948822
2024-05-11T17:35:00Z,1.6804766654968262
2024-05-11T17:40:00Z,1.3110406398773193
2024-05-11T17:45:00Z,0.9271807670593262
2024-05-11T17:50:00Z,1.7572247982025146
2024-05-11T17:55:00Z,1.642893671989441
2024-05-11T18:00:00Z,1.9135388135910034
2024-05-11T18:05:00Z,1.137062430381775
2024-05-11T18:10:00Z,1.244236707687378
2024-05-11T18:15:00Z,2.211604118347168
2024-05-11T18:20:00Z,3.4998865127563477
2024-05-11T18:25:00Z,2.9515299797058105
2024-05-11T18:30:00Z,2.271624803543091
2024-05-11T18:35:00Z,1.7280999422073364
2024-05-11T18:40:00Z,1.7591336965560913
2024-05-11T18:45:00Z,1.7317464351654053
2024-05-11T18:50:00Z,1.6624858379364014
2024-05-11T18:55:00Z,1.4128632545471191
2024-05-11T19:00:00Z,1.331533432006836
2024-05-11T19:05:00Z,1.0557829141616821
2024-05-11T19:10:00Z,0.8679984211921692
2024-05-11T19:15:00Z,0.8201914429664612
2024-05-11T19:20:00Z,0.7378542423248291
2024-05-11T19:25:00Z,0.9071512222290039
2024-05-11T19:30:00Z,0.7193536162376404
2024-05-11T19:35:00Z,1.0643949508666992
2024-05-11T19:40:00Z,1.1986192464828491
2024-05-11T19:45:00Z,0.8519898056983948
2024-05-11T19:50:00Z,1.0808918476104736
2024-05-11T19:55:00Z,0.8104078769683838
2024-05-11T20:00:00Z,0.8064441084861755
2024-05-11T20:05:00Z,0.7072880268096924
2024-05-11T20:10:00Z,1.0447883605957031
2024-05-11T20:15:00Z,1.3555362224578857
2024-05-11T20:20:00Z,1.215667486190796
2024-05-11T20:25:00Z,1.0524064302444458
2024-05-11T20:30:00Z,0.8581531643867493
2024-05-11T20:35:00Z,0.7309873104095459
2024-05-11T20:40:00Z,2.458922863006592
2024-05-11T20:45:00Z,2.283268451690674
2024-05-11T20:50:00Z,2.2666540145874023
2024-05-11T20:55:00Z,1.6144379377365112
2024-05-11T21:00:00Z,2.38358736038208
2024-05-11T21:05:00Z,1.7329174280166626
2024-05-11T21:10:00Z,2.341733932495117
2024-05-11T21:15:00Z,2.4133663177490234
2024-05-11T21:20:00Z,2.4245550632476807
2024-05-11T21:25:00Z,2.0233352184295654
2024-05-11T21:30:00Z,2.0112416744232178
2024-05-11T21:35:00Z,2.2714791297912598
2024-05-11T21:40:00Z,2.446683645248413
2024-05-11T21:45:00Z,1.859459638595581
2024-05-11T21:50:00Z,1.5411441326141357
2024-05-11T21:55:00Z,1.3577728271484375
2024-05-11T22:00:00Z,1.7300666570663452
2024-05-11T22:05:00Z,1.6062370538711548
2024-05-11T22:10:00Z,2.4669418334960938
2024-05-11T22:15:00Z,2.1071090698242188
2024-05-11T22:20:00Z,2.6775295734405518
2024-05-11T22:25:00Z,2.148394823074341
2024-05-11T22:30:00Z,1.8979909420013428
2024-05-11T22:35:00Z,1.7250115871429443
2024-05-11T22:40:00Z,1.9824970960617065
2024-05-11T22:45:00Z,1.7961221933364868
2024-05-11T22:50:00Z,1.4917666912078857
2024-05-11T22:55:00Z,0.8919246196746826
2024-05-11T23:00:00Z,0.41332921385765076
2024-05-11T23:05:00Z,0.4583579897880554
2024-05-11T23:10:00Z,0.43587982654571533
2024-05-11T23:15:00Z,0.3153702914714813
2024-05-11T23:20:00Z,0.3887234926223755
2024-05-11T23:25:00Z,0.7716548442840576
2024-05-11T23:30:00Z,0.3451958894729614
2024-05-11T23:35:00Z,0.3792627453804016
2024-05-11T23:40:00Z,0.627494215965271
2024-05-11T23:45:00Z,0.5095534920692444
2024-05-11T23:50:00Z,0.5828740000724792
2024-05-11T23:55:00Z,0.5342934131622314
2024-05-12T00:00:00Z,0.5688212513923645
2024-05-12T00:05:00Z,0.5650106072425842
2024-05-12T00:10:00Z,0.7425767779350281
2024-05-12T00:15:00Z,0.8030429482460022
2024-05-12T00:20:00Z,0.6914992332458496
2024-05-12T00:25:00Z,0.7653601765632629
2024-05-12T00:30:00Z,0.7024932503700256
2024-05-12T00:35:00Z,0.7918956875801086
2024-05-12T00:40:00Z,0.7869370579719543
2024-05-12T00:45:00Z,0.8692995309829712
2024-05-12T00:50:00Z,1.283293604850769
2024-05-12T00:55:00Z,1.3617277145385742
2024-05-12T01:00:00Z,1.5159204006195068
2024-05-12T01:05:00Z,1.3095225095748901
2024-05-12T01:10:00Z,1.44709312915802
2024-05-12T01:15:00Z,1.7591990232467651
2024-05-12T01:20:00Z,2.186985969543457
2024-05-12T01:25:00Z,3.2858188152313232
2024-05-12T01:30:00Z,4.020113945007324
2024-05-12T01:35:00Z,3.403568983078003
2024-05-12T01:40:00Z,3.38283371925354
2024-05-12T01:45:00Z,3.2761588096618652
2024-05-12T01:50:00Z,3.249105215072632
2024-05-12T01:55:00Z,3.450407028198242
2024-05-12T02:00:00Z,3.0864152908325195
2024-05-12T02:05:00Z,2.7733254432678223
2024-05-12T02:10:00Z,11.245270729064941
2024-05-12T02:15:00Z,12.825682640075684
2024-05-12T02:20:00Z,2.7790114879608154
2024-05-12T02:25:00Z,1.9686039686203003
2024-05-12T02:30:00Z,2.0099689960479736
2024-05-12T02:35:00Z,2.419128179550171
2024-05-12T02:40:00Z,2.880509376525879
2024-05-12T02:45:00Z,2.0717644691467285
2024-05-12T02:50:00Z,1.9381757974624634
2024-05-12T02:55:00Z,1.6182920932769775
2024-05-12T03:00:00Z,1.3184093236923218
2024-05-12T03:05:00Z,1.4860869646072388
2024-05-12T03:10:00Z,1.4335641860961914
2024-05-12T03:15:00Z,1.4429491758346558
2024-05-12T03:20:00Z,1.4898813962936401
2024-05-12T03:25:00Z,1.5713460445404053
2024-05-12T03:30:00Z,1.7057931423187256
2024-05-12T03:35:00Z,1.8853209018707275
2024-05-12T03:40:00Z,1.6122187376022339
2024-05-12T03:45:00Z,1.5689120292663574
2024-05-12T03:50:00Z,1.7105634212493896
2024-05-12T03:55:00Z,1.79135000705719
2024-05-12T04:00:00Z,2.0248429775238037
2024-05-12T04:05:00Z,1.6034502983093262
2024-05-12T04:10:00Z,1.588083028793335
2024-05-12T04:15:00Z,1.5815638303756714
2024-05-12T04:20:00Z,1.5300421714782715
2024-05-12T04:25:00Z,1.3910675048828125
2024-05-12T04:30:00Z,3.9333600997924805
2024-05-12T04:35:00Z,5.136263370513916
2024-05-12T04:40:00Z,3.5025036334991455
2024-05-12T04:45:00Z,2.9910717010498047
2024-05-12T04:50:00Z,2.431396961212158
2024-05-12T04:55:00Z,1.750566840171814
2024-05-12T05:00:00Z,1.5341624021530151
2024-05-12T05:05:00Z,1.7068723440170288
2024-05-12T05:10:00Z,1.6439465284347534
2024-05-12T05:15:00Z,1.5608584880828857
2024-05-12T05:20:00Z,1.5257542133331299
2024-05-12T05:25:00Z,1.6327288150787354
2024-05-12T05:30:00Z,1.653889536857605
2024-05-12T05:35:00Z,1.5144199132919312
2024-05-12T05:40:00Z,1.6775325536727905
2024-05-12T05:45:00Z,1.8023122549057007
2024-05-12T05:50:00Z,1.8677809238433838
2024-05-12T05:55:00Z,1.8191959857940674
2024-05-12T06:00:00Z,1.9824044704437256
2024-05-12T06:05:00Z,2.1022379398345947
2024-05-12T06:10:00Z,2.0797345638275146
2024-05-12T06:15:00Z,2.0333731174468994
2024-05-12T06:20:00Z,1.9415864944458008
2024-05-12T06:25:00Z,2.025346517562866
2024-05-12T06:30:00Z,2.026993751525879
2024-05-12T06:35:00Z,1.9413647651672363
2024-05-12T06:40:00Z,1.8511683940887451
2024-05-12T06:45:00Z,1.7590736150741577
2024-05-12T06:50:00Z,1.7923164367675781
2024-05-12T06:55:00Z,1.9471794366836548
2024-05-12T07:00:00Z,1.9505341053009033
2024-05-12T07:05:00Z,1.9693399667739868
2024-05-12T07:10:00Z,2.0021848678588867
2024-05-12T07:15:00Z,2.0569663047790527
2024-05-12T07:20:00Z,2.057281255722046
2024-05-12T07:25:00Z,1.9314223527908325
2024-05-12T07:30:00Z,1.903706669807434
2024-05-12T07:35:00Z,1.6887038946151733
2024-05-12T07:40:00Z,1.7003999948501587
2024-05-12T07:45:00Z,1.6752159595489502
2024-05-12T07:50:00Z,1.4948320388793945
2024-05-12T07:55:00Z,1.424189805984497
2024-05-12T08:00:00Z,1.3998291492462158
2024-05-12T08:05:00Z,1.4153070449829102
2024-05-12T08:10:00Z,1.3498023748397827
2024-05-12T08:15:00Z,1.4219050407409668
2024-05-12T08:20:00Z,1.45158052444458
2024-05-12T08:25:00Z,1.4232096672058105
2024-05-12T08:30:00Z,1.4772443771362305
2024-05-12T08:35:00Z,1.4190928936004639
2024-05-12T08:40:00Z,1.5201860666275024
2024-05-12T08:45:00Z,1.5046285390853882
2024-05-12T08:50:00Z,1.417941689491272
2024-05-12T08:55:00Z,1.9905403852462769
2024-05-12T09:00:00Z,1.510690450668335
2024-05-12T09:05:00Z,1.4858558177947998
2024-05-12T09:10:00Z,1.5588109493255615
2024-05-12T09:15:00Z,3.5747666358947754
2024-05-12T09:20:00Z,6.388381004333496
2024-05-12T09:25:00Z,4.931063652038574
2024-05-12T09:30:00Z,4.12403678894043
2024-05-12T09:35:00Z,4.566120624542236
2024-05-12T09:40:00Z,4.36184549331665
2024-05-12T09:45:00Z,4.0111165046691895
2024-05-12T09:50:00Z,3.507551670074463
2024-05-12T09:55:00Z,3.865116834640503
2024-05-12T10:00:00Z,4.077822208404541
2024-05-12T10:05:00Z,4.129520416259766
2024-05-12T10:10:00Z,3.8739449977874756
2024-05-12T10:15:00Z,3.654045581817627
2024-05-12T10:20:00Z,3.3144919872283936
2024-05-12T10:25:00Z,2.525700569152832
2024-05-12T10:30:00Z,2.6420412063598633
2024-05-12T10:35:00Z,2.4362549781799316
2024-05-12T10:40:00Z,2.017958879470825
2024-05-12T10:45:00Z,1.5894888639450073
2024-05-12T10:50:00Z,1.305791974067688
2024-05-12T10:55:00Z,1.1456525325775146
2024-05-12T11:00:00Z,1.0804094076156616
2024-05-12T11:05:00Z,1.0241539478302002
2024-05-12T11:10:00Z,1.0356955528259277
2024-05-12T11:15:00Z,1.0173043012619019
2024-05-12T11:20:00Z,1.0159393548965454
2024-05-12T11:25:00Z,1.198449969291687
2024-05-12T11:30:00Z,1.4187790155410767
2024-05-12T11:35:00Z,1.1853450536727905
2024-05-12T11:40:00Z,1.045388102531433
2024-05-12T11:45:00Z,0.9347332119941711
2024-05-12T11:50:00Z,0.8549675941467285
2024-05-12T11:55:00Z,0.8253685235977173
2024-05-12T12:00:00Z,0.7103182077407837
2024-05-12T12:05:00Z,0.8627841472625732
2024-05-12T12:10:00Z,0.8042845129966736
2024-05-12T12:15:00Z,0.7137065529823303
2024-05-12T12:20:00Z,0.6535543203353882
2024-05-12T12:25:00Z,0.7693758606910706
2024-05-12T12:30:00Z,0.6603214740753174
2024-05-12T12:35:00Z,0.7093268036842346
2024-05-12T12:40:00Z,0.5307981371879578
2024-05-12T12:45:00Z,0.57928067445755
2024-05-12T12:50:00Z,0.586630642414093
2024-05-12T12:55:00Z,0.5357986092567444
2024-05-12T13:00:00Z,0.6013393402099609
2024-05-12T13:05:00Z,0.5302945971488953
2024-05-12T13:10:00Z,0.5101677179336548
2024-05-12T13:15:00Z,0.5444436073303223
2024-05-12T13:20:00Z,0.4897744059562683
2024-05-12T13:25:00Z,0.6078867316246033
2024-05-12T13:30:00Z,0.5114476084709167
2024-05-12T13:35:00Z,0.5357965230941772
2024-05-12T13:40:00Z,0.45661216974258423
2024-05-12T13:45:00Z,0.37284302711486816
2024-05-12T13:50:00Z,0.39912015199661255
2024-05-12T13:55:00Z,0.3713351786136627
2024-05-12T14:00:00Z,0.38759979605674744
2024-05-12T14:05:00Z,0.39900681376457214
2024-05-12T14:10:00Z,0.31740429997444153
2024-05-12T14:15:00Z,0.3656862676143646
2024-05-12T14:20:00Z,0.3425196707248688
2024-05-12T14:25:00Z,0.2983672618865967
2024-05-12T14:30:00Z,0.31565478444099426
2024-05-12T14:35:00Z,0.29733216762542725
2024-05-12T14:40:00Z,0.3373706638813019
2024-05-12T14:45:00Z,0.28073611855506897
2024-05-12T14:50:00Z,0.34605133533477783
2024-05-12T14:55:00Z,0.3177974224090576
2024-05-12T15:00:00Z,0.3089210093021393
2024-05-12T15:05:00Z,0.3200077414512634
2024-05-12T15:10:00Z,0.379928320646286
2024-05-12T15:15:00Z,0.4004669189453125
2024-05-12T15:20:00Z,0.35997459292411804
2024-05-12T15:25:00Z,0.4433543384075165
2024-05-12T15:30:00Z,0.7164938449859619
2024-05-12T15:35:00Z,0.4449833333492279
2024-05-12T15:40:00Z,0.393846333026886
2024-05-12T15:45:00Z,0.5709757208824158
2024-05-12T15:50:00Z,0.536920964717865
2024-05-12T15:55:00Z,0.4291444718837738
2024-05-12T16:00:00Z,0.6254848837852478
2024-05-12T16:05:00Z,0.6114305853843689
2024-05-12T16:10:00Z,0.6042332053184509
2024-05-12T16:15:00Z,0.9041525721549988
2024-05-12T16:20:00Z,0.8300971388816833
2024-05-12T16:25:00Z,0.8055010437965393
2024-05-12T16:30:00Z,0.8463020920753479
2024-05-12T16:35:00Z,0.9981611967086792
2024-05-12T16:40:00Z,0.8309212923049927
2024-05-12T16:45:00Z,1.1320128440856934
2024-05-12T16:50:00Z,0.9842212200164795
2024-05-12T16:55:00Z,1.304351568222046
2024-05-12T17:00:00Z,1.118024230003357
2024-05-12T17:05:00Z,1.0329294204711914
2024-05-12T17:10:00Z,1.3468793630599976
2024-05-12T17:15:00Z,1.204827070236206
2024-05-12T17:20:00Z,1.3745478391647339
2024-05-12T17:25:00Z,1.4707329273223877
2024-05-12T17:30:00Z,1.7952934503555298
2024-05-12T17:35:00Z,1.3586827516555786
2024-05-12T17:40:00Z,1.8182487487792969
2024-05-12T17:45:00Z,1.8358664512634277
2024-05-12T17:50:00Z,1.5751886367797852
2024-05-12T17:55:00Z,1.7622075080871582
2024-05-12T18:00:00Z,1.4767042398452759
2024-05-12T18:05:00Z,1.4593876600265503
2024-05-12T18:10:00Z,1.449622631072998
2024-05-12T18:15:00Z,1.6335704326629639
2024-05-12T18:20:00Z,1.563693881034851
2024-05-12T18:25:00Z,1.4702727794647217
2024-05-12T18:30:00Z,1.645104169845581
2024-05-12T18:35:00Z,1.8777542114257812
2024-05-12T18:40:00Z,1.7597745656967163
2024-05-12T18:45:00Z,1.7476569414138794
2024-05-12T18:50:00Z,1.9669678211212158
2024-05-12T18:55:00Z,1.7456132173538208
2024-05-12T19:00:00Z,1.691028356552124
2024-05-12T19:05:00Z,1.5345951318740845
2024-05-12T19:10:00Z,1.3716490268707275
2024-05-12T19:15:00Z,1.0821260213851929
2024-05-12T19:20:00Z,1.0531889200210571
2024-05-12T19:25:00Z,1.22330904006958
2024-05-12T19:30:00Z,1.0019806623458862
2024-05-12T19:35:00Z,1.441800832748413
2024-05-12T19:40:00Z,1.410661220550537
2024-05-12T19:45:00Z,1.4460150003433228
2024-05-12T19:50:00Z,1.2696222066879272
2024-05-12T19:55:00Z,1.142382025718689
2024-05-12T20:00:00Z,1.09211003780365
2024-05-12T20:05:00Z,1.0157723426818848
2024-05-12T20:10:00Z,1.1280614137649536
2024-05-12T20:15:00Z,0.8314213752746582
2024-05-12T20:20:00Z,0.7963709235191345
2024-05-12T20:25:00Z,0.8240748047828674
2024-05-12T20:30:00Z,0.7975537180900574
2024-05-12T20:35:00Z,0.68529212474823
2024-05-12T20:40:00Z,0.6580083966255188
2024-05-12T20:45:00Z,0.7461965680122375
2024-05-12T20:50:00Z,0.7721721529960632
2024-05-12T20:55:00Z,0.8046727180480957
2024-05-12T21:00:00Z,0.797872006893158
2024-05-12T21:05:00Z,0.7804623246192932
2024-05-12T21:10:00Z,0.599716305732727
2024-05-12T21:15:00Z,0.5304836630821228
2024-05-12T21:20:00Z,0.47117722034454346
2024-05-12T21:25:00Z,0.44310033321380615
2024-05-12T21:30:00Z,0.5177901983261108
2024-05-12T21:35:00Z,0.42880794405937195
2024-05-12T21:40:00Z,0.4379875957965851
2024-05-12T21:45:00Z,0.5666777491569519
2024-05-12T21:50:00Z,0.5764166116714478
2024-05-12T21:55:00Z,0.5894896984100342
2024-05-12T22:00:00Z,0.5819322466850281
2024-05-12T22:05:00Z,0.6141283512115479
2024-05-12T22:10:00Z,0.7613834738731384
2024-05-12T22:15:00Z,0.6760744452476501
2024-05-12T22:20:00Z,0.5482925176620483
2024-05-12T22:25:00Z,0.5114918947219849
2024-05-12T22:30:00Z,0.4257104694843292
2024-05-12T22:35:00Z,0.4233056902885437
2024-05-12T22:40:00Z,0.4019375443458557
2024-05-12T22:45:00Z,0.4029873013496399
2024-05-12T22:50:00Z,0.43325355648994446
2024-05-12T22:55:00Z,0.5037785768508911
2024-05-12T23:00:00Z,0.3661661148071289
2024-05-12T23:05:00Z,0.4317722022533417
2024-05-12T23:10:00Z,0.3994659185409546
2024-05-12T23:15:00Z,0.4116423726081848
2024-05-12T23:20:00Z,0.4190930128097534
2024-05-12T23:25:00Z,0.46954062581062317
2024-05-12T23:30:00Z,0.5204969048500061
2024-05-12T23:35:00Z,0.48636460304260254
2024-05-12T23:40:00Z,0.4406209886074066
2024-05-12T23:45:00Z,0.4415479600429535
2024-05-12T23:50:00Z,0.3223657011985779
2024-05-12T23:55:00Z,0.2810797393321991
2024-05-13T00:00:00Z,0.22980834543704987
2024-05-13T00:05:00Z,0.19730114936828613
2024-05-13T00:10:00Z,0.1908850371837616
2024-05-13T00:15:00Z,0.20120179653167725
2024-05-13T00:20:00Z,0.22028124332427979
2024-05-13T00:25:00Z,0.2710002660751343
2024-05-13T00:30:00Z,0.24650533497333527
2024-05-13T00:35:00Z,0.23180848360061646
2024-05-13T00:40:00Z,0.23222754895687103
2024-05-13T00:45:00Z,0.22893737256526947
2024-05-13T00:50:00Z,0.3071461319923401
2024-05-13T00:55:00Z,0.3958694636821747
2024-05-13T01:00:00Z,0.3008827865123749
2024-05-13T01:05:00Z,0.27556997537612915
2024-05-13T01:10:00Z,0.2668710947036743
2024-05-13T01:15:00Z,0.284578412771225
2024-05-13T01:20:00Z,0.1979217529296875
2024-05-13T01:25:00Z,0.19673651456832886
2024-05-13T01:30:00Z,0.14397233724594116
2024-05-13T01:35:00Z,0.14273054897785187
2024-05-13T01:40:00Z,0.11650298535823822
2024-05-13T01:45:00Z,0.11350499093532562
2024-05-13T01:50:00Z,0.09848591685295105
2024-05-13T01:55:00Z,0.10960450768470764
2024-05-13T02:00:00Z,0.15515828132629395
2024-05-13T02:05:00Z,0.16091284155845642
2024-05-13T02:10:00Z,0.15821155905723572
2024-05-13T02:15:00Z,0.20392389595508575
2024-05-13T02:20:00Z,0.18181820213794708
2024-05-13T02:25:00Z,0.17156516015529633
2024-05-13T02:30:00Z,0.16933280229568481
2024-05-13T02:35:00Z,0.15328644216060638
2024-05-13T02:40:00Z,0.15939855575561523
2024-05-13T02:45:00Z,0.1778937429189682
2024-05-13T02:50:00Z,0.1690172702074051
2024-05-13T02:55:00Z,0.20289216935634613
2024-05-13T03:00:00Z,0.24782994389533997
2024-05-13T03:05:00Z,0.2526048719882965
2024-05-13T03:10:00Z,0.2841825783252716
2024-05-13T03:15:00Z,0.2781064510345459
2024-05-13T03:20:00Z,0.19901928305625916
2024-05-13T03:25:00Z,0.18836937844753265
2024-05-13T03:30:00Z,0.26565927267074585
2024-05-13T03:35:00Z,0.2431098371744156
2024-05-13T03:40:00Z,0.2626810371875763
2024-05-13T03:45:00Z,0.2362632006406784
2024-05-13T03:50:00Z,0.19797314703464508
2024-05-13T03:55:00Z,0.1576324999332428
2024-05-13T04:00:00Z,0.14026229083538055
2024-05-13T04:05:00Z,0.13331297039985657
2024-05-13T04:10:00Z,0.10337693244218826
2024-05-13T04:15:00Z,0.10037074983119965
2024-05-13T04:20:00Z,0.10379141569137573
2024-05-13T04:25:00Z,0.10720577836036682
2024-05-13T04:30:00Z,0.0967569500207901
2024-05-13T04:35:00Z,0.0947706401348114
2024-05-13T04:40:00Z,0.08974609524011612
2024-05-13T04:45:00Z,0.09389296174049377
2024-05-13T04:50:00Z,0.10590258240699768
2024-05-13T04:55:00Z,0.11709766089916229
2024-05-13T05:00:00Z,0.10556943714618683
2024-05-13T05:05:00Z,0.10436330735683441
2024-05-13T05:10:00Z,0.09721455723047256
2024-05-13T05:15:00Z,0.09011559188365936
2024-05-13T05:20:00Z,0.08421238511800766
2024-05-13T05:25:00Z,0.07990328967571259
2024-05-13T05:30:00Z,0.07746066153049469
2024-05-13T05:35:00Z,0.08082499355077744
2024-05-13T05:40:00Z,0.07557710260152817
2024-05-13T05:45:00Z,0.06462109833955765
2024-05-13T05:50:00Z,0.05891406536102295
2024-05-13T05:55:00Z,0.05975457653403282
2024-05-13T06:00:00Z,0.062005236744880676
2024-05-13T06:05:00Z,0.05772629752755165
2024-05-13T06:10:00Z,0.06878184527158737
2024-05-13T06:15:00Z,0.07740719616413116
2024-05-13T06:20:00Z,0.07543538510799408
2024-05-13T06:25:00Z,0.0734027698636055
2024-05-13T06:30:00Z,0.06987040489912033
2024-05-13T06:35:00Z,0.07017526030540466
2024-05-13T06:40:00Z,0.08274924010038376
2024-05-13T06:45:00Z,0.09058702737092972
2024-05-13T06:50:00Z,0.09219787269830704
2024-05-13T06:55:00Z,0.09208499640226364
2024-05-13T07:00:00Z,0.1162937805056572
2024-05-13T07:05:00Z,0.12853892147541046
2024-05-13T07:10:00Z,0.16151881217956543
2024-05-13T07:15:00Z,0.1979862004518509
2024-05-13T07:20:00Z,0.20470133423805237
2024-05-13T07:25:00Z,0.16664355993270874
2024-05-13T07:30:00Z,0.2148025631904602
2024-05-13T07:35:00Z,0.16053025424480438
2024-05-13T07:40:00Z,0.15393345057964325
2024-05-13T07:45:00Z,0.13066504895687103
2024-05-13T07:50:00Z,0.11233503371477127
2024-05-13T07:55:00Z,0.12060333788394928
2024-05-13T08:00:00Z,0.11301475018262863
2024-05-13T08:05:00Z,0.09803114831447601
2024-05-13T08:10:00Z,0.10433071851730347
2024-05-13T08:15:00Z,0.13721886277198792
2024-05-13T08:20:00Z,0.12270110100507736
2024-05-13T08:25:00Z,0.10972810536623001
2024-05-13T08:30:00Z,0.11831720173358917
2024-05-13T08:35:00Z,0.11762545257806778
2024-05-13T08:40:00Z,0.10474935173988342
2024-05-13T08:45:00Z,0.09869494289159775
2024-05-13T08:50:00Z,0.09178026765584946
2024-05-13T08:55:00Z,0.09747973829507828
2024-05-13T09:00:00Z,0.09147021919488907
2024-05-13T09:05:00Z,0.08775199949741364
2024-05-13T09:10:00Z,0.08659753948450089
2024-05-13T09:15:00Z,0.08639910072088242
2024-05-13T09:20:00Z,0.07949341088533401
2024-05-13T09:25:00Z,0.0761522650718689
2024-05-13T09:30:00Z,0.07232692092657089
2024-05-13T09:35:00Z,0.06066935509443283
2024-05-13T09:40:00Z,0.05647081881761551
2024-05-13T09:45:00Z,0.05397340655326843
2024-05-13T09:50:00Z,0.05390174314379692
2024-05-13T09:55:00Z,0.06570401042699814
2024-05-13T10:00:00Z,0.0687166154384613
2024-05-13T10:05:00Z,0.058315664529800415
2024-05-13T10:10:00Z,0.05777686461806297
2024-05-13T10:15:00Z,0.05556017532944679
2024-05-13T10:20:00Z,0.04960690438747406
2024-05-13T10:25:00Z,0.05305188521742821
2024-05-13T10:30:00Z,0.054741088300943375
2024-05-13T10:35:00Z,0.04790989309549332
2024-05-13T10:40:00Z,0.05028337240219116
2024-05-13T10:45:00Z,0.052447497844696045
2024-05-13T10:50:00Z,0.054679375141859055
2024-05-13T10:55:00Z,0.05546712502837181
2024-05-13T11:00:00Z,0.050193902105093
2024-05-13T11:05:00Z,0.050409018993377686
2024-05-13T11:10:00Z,0.05140230804681778
2024-05-13T11:15:00Z,0.05435166507959366
2024-05-13T11:20:00Z,0.05545239523053169
2024-05-13T11:25:00Z,0.05072161182761192
2024-05-13T11:30:00Z,0.054249636828899384
2024-05-13T11:35:00Z,0.05474703758955002
2024-05-13T11:40:00Z,0.0505036935210228
2024-05-13T11:45:00Z,0.04893134906888008
2024-05-13T11:50:00Z,0.05100739374756813
2024-05-13T11:55:00Z,0.050087325274944305
2024-05-13T12:00:00Z,0.05093090236186981
2024-05-13T12:05:00Z,0.05488814041018486
2024-05-13T12:10:00Z,0.047607481479644775
2024-05-13T12:15:00Z,0.053250692784786224
2024-05-13T12:20:00Z,0.04897942766547203
2024-05-13T12:25:00Z,0.06693479418754578
2024-05-13T12:30:00Z,0.1009981706738472
2024-05-13T12:35:00Z,0.074683278799057
2024-05-13T12:40:00Z,0.07515941560268402
2024-05-13T12:45:00Z,0.07821033895015717
2024-05-13T12:50:00Z,0.05317940190434456
2024-05-13T12:55:00Z,0.04861064255237579
2024-05-13T13:00:00Z,0.051811955869197845
2024-05-13T13:05:00Z,0.04404124990105629
2024-05-13T13:10:00Z,0.05153992027044296
2024-05-13T13:15:00Z,0.047935765236616135
2024-05-13T13:20:00Z,0.04429089277982712
2024-05-13T13:25:00Z,0.04114722087979317
2024-05-13T13:30:00Z,0.04109514504671097
2024-05-13T13:35:00Z,0.04285839945077896
2024-05-13T13:40:00Z,0.04297276586294174
2024-05-13T13:45:00Z,0.04262907803058624
2024-05-13T13:50:00Z,0.045098926872015
2024-05-13T13:55:00Z,0.04228901490569115
2024-05-13T14:00:00Z,0.046692077070474625
2024-05-13T14:05:00Z,0.04767492040991783
2024-05-13T14:10:00Z,0.0502450093626976
2024-05-13T14:15:00Z,0.05355007201433182
2024-05-13T14:20:00Z,0.05398553982377052
2024-05-13T14:25:00Z,0.056521520018577576
2024-05-13T14:30:00Z,0.05712286755442619
2024-05-13T14:35:00Z,0.06164546310901642
2024-05-13T14:40:00Z,0.05207629129290581
2024-05-13T14:45:00Z,0.050520703196525574
2024-05-13T14:50:00Z,0.05006488412618637
2024-05-13T14:55:00Z,0.057015933096408844
2024-05-13T15:00:00Z,0.056846991181373596
2024-05-13T15:05:00Z,0.062044527381658554
2024-05-13T15:10:00Z,0.07364191114902496
2024-05-13T15:15:00Z,0.07578490674495697
2024-05-13T15:20:00Z,0.07657212764024734
2024-05-13T15:25:00Z,0.08028313517570496
2024-05-13T15:30:00Z,0.07851134240627289
2024-05-13T15:35:00Z,0.08297362178564072
2024-05-13T15:40:00Z,0.07637107372283936
2024-05-13T15:45:00Z,0.08102012425661087
2024-05-13T15:50:00Z,0.07809208333492279
2024-05-13T15:55:00Z,0.06701431423425674
2024-05-13T16:00:00Z,0.07250238209962845
2024-05-13T16:05:00Z,0.08204170316457748
2024-05-13T16:10:00Z,0.07249654829502106
2024-05-13T16:15:00Z,0.07061154395341873
2024-05-13T16:20:00Z,0.07554405927658081
2024-05-13T16:25:00Z,0.09059903025627136
2024-05-13T16:30:00Z,0.09484456479549408
2024-05-13T16:35:00Z,0.09641063213348389
2024-05-13T16:40:00Z,0.10442617535591125
2024-05-13T16:45:00Z,0.1045275628566742
2024-05-13T16:50:00Z,0.10306821018457413
2024-05-13T16:55:00Z,0.09808999300003052
2024-05-13T17:00:00Z,0.10222768038511276
2024-05-13T17:05:00Z,0.10768666863441467
2024-05-13T17:10:00Z,0.10568741708993912
2024-05-13T17:15:00Z,0.1033172532916069
2024-05-13T17:20:00Z,0.10287024825811386
2024-05-13T17:25:00Z,0.10399232059717178
2024-05-13T17:30:00Z,0.11126744747161865
2024-05-13T17:35:00Z,0.10154908895492554
2024-05-13T17:40:00Z,0.10909470915794373
2024-05-13T17:45:00Z,0.11150483042001724
2024-05-13T17:50:00Z,0.09566839039325714
2024-05-13T17:55:00Z,0.10478249937295914
2024-05-13T18:00:00Z,0.09820455312728882
2024-05-13T18:05:00Z,0.11478179693222046
2024-05-13T18:10:00Z,0.1424354463815689
2024-05-13T18:15:00Z,0.1409059464931488
2024-05-13T18:20:00Z,0.1528022736310959
2024-05-13T18:25:00Z,0.13692045211791992
2024-05-13T18:30:00Z,0.13933251798152924
2024-05-13T18:35:00Z,0.1452907770872116
2024-05-13T18:40:00Z,0.13584843277931213
2024-05-13T18:45:00Z,0.14113040268421173
2024-05-13T18:50:00Z,0.14854982495307922
2024-05-13T18:55:00Z,0.15340328216552734
2024-05-13T19:00:00Z,0.1532147079706192
2024-05-13T19:05:00Z,0.16951775550842285
2024-05-13T19:10:00Z,0.19964413344860077
2024-05-13T19:15:00Z,0.20091602206230164
2024-05-13T19:20:00Z,0.18430519104003906
2024-05-13T19:25:00Z,0.20387309789657593
2024-05-13T19:30:00Z,0.19167719781398773
2024-05-13T19:35:00Z,0.2175949513912201
2024-05-13T19:40:00Z,0.23317834734916687
2024-05-13T19:45:00Z,0.23422203958034515
2024-05-13T19:50:00Z,0.24356576800346375
2024-05-13T19:55:00Z,0.23172782361507416
2024-05-13T20:00:00Z,0.2277974635362625
2024-05-13T20:05:00Z,0.2186126410961151
2024-05-13T20:10:00Z,0.22974146902561188
2024-05-13T20:15:00Z,0.22912520170211792
2024-05-13T20:20:00Z,0.22964680194854736
2024-05-13T20:25:00Z,0.2402658313512802
2024-05-13T20:30:00Z,0.23469048738479614
2024-05-13T20:35:00Z,0.22626489400863647
2024-05-13T20:40:00Z,0.2297975718975067
2024-05-13T20:45:00Z,0.229841411113739
2024-05-13T20:50:00Z,0.23599740862846375
2024-05-13T20:55:00Z,0.2361665964126587
2024-05-13T21:00:00Z,0.237410306930542
2024-05-13T21:05:00Z,0.2352149784564972
2024-05-13T21:10:00Z,0.24260948598384857
2024-05-13T21:15:00Z,0.24876511096954346
2024-05-13T21:20:00Z,0.26300886273384094
2024-05-13T21:25:00Z,0.25271371006965637
2024-05-13T21:30:00Z,0.24876323342323303
2024-05-13T21:35:00Z,0.27219951152801514
2024-05-13T21:40:00Z,0.26917916536331177
2024-05-13T21:45:00Z,0.28203895688056946
2024-05-13T21:50:00Z,0.3037223219871521
2024-05-13T21:55:00Z,0.3212410807609558
2024-05-13T22:00:00Z,0.34006673097610474
2024-05-13T22:05:00Z,0.31965985894203186
2024-05-13T22:10:00Z,0.3147798478603363
2024-05-13T22:15:00Z,0.31371599435806274
2024-05-13T22:20:00Z,0.2855566143989563
2024-05-13T22:25:00Z,0.2848045825958252
2024-05-13T22:30:00Z,0.2581286132335663
2024-05-13T22:35:00Z,0.2551388442516327
2024-05-13T22:40:00Z,0.24935798346996307
2024-05-13T22:45:00Z,0.24658063054084778
2024-05-13T22:50:00Z,0.2527630627155304
2024-05-13T22:55:00Z,0.24564161896705627
2024-05-13T23:00:00Z,0.24279943108558655
2024-05-13T23:05:00Z,0.219132661819458
2024-05-13T23:10:00Z,0.22098207473754883
2024-05-13T23:15:00Z,0.18587364256381989
2024-05-13T23:20:00Z,0.18784953653812408
2024-05-13T23:25:00Z,0.1992935836315155
2024-05-13T23:30:00Z,0.183942511677742
2024-05-13T23:35:00Z,0.2781842350959778
2024-05-13T23:40:00Z,0.2343561351299286
2024-05-13T23:45:00Z,0.24620303511619568
2024-05-13T23:50:00Z,0.2343779355287552
2024-05-13T23:55:00Z,0.24524325132369995
2024-05-14T00:00:00Z,0.24417473375797272
2024-05-14T00:05:00Z,0.2345036268234253
2024-05-14T00:10:00Z,0.22065050899982452
2024-05-14T00:15:00Z,0.21631374955177307
2024-05-14T00:20:00Z,0.2018742859363556
2024-05-14T00:25:00Z,0.18917183578014374
2024-05-14T00:30:00Z,0.17053447663784027
2024-05-14T00:35:00Z,0.14914384484291077
2024-05-14T00:40:00Z,0.14858700335025787
2024-05-14T00:45:00Z,0.13503792881965637
2024-05-14T00:50:00Z,0.13037556409835815
2024-05-14T00:55:00Z,0.11864081770181656
2024-05-14T01:00:00Z,0.11456844955682755
2024-05-14T01:05:00Z,0.10872405022382736
2024-05-14T01:10:00Z,0.10936332494020462
2024-05-14T01:15:00Z,0.11772247403860092
2024-05-14T01:20:00Z,0.10965945571660995
2024-05-14T01:25:00Z,0.09274739027023315
2024-05-14T01:30:00Z,0.08810744434595108
2024-05-14T01:35:00Z,0.0888969674706459
2024-05-14T01:40:00Z,0.08137094974517822
2024-05-14T01:45:00Z,0.07290350645780563
2024-05-14T01:50:00Z,0.06998427212238312
2024-05-14T01:55:00Z,0.06816142797470093
2024-05-14T02:00:00Z,0.06766237318515778
2024-05-14T02:05:00Z,0.06444574147462845
2024-05-14T02:10:00Z,0.06530265510082245
2024-05-14T02:15:00Z,0.06255519390106201
2024-05-14T02:20:00Z,0.060543060302734375
2024-05-14T02:25:00Z,0.054449353367090225
2024-05-14T02:30:00Z,0.0528695322573185
2024-05-14T02:35:00Z,0.05211343616247177
2024-05-14T02:40:00Z,0.05177358165383339
2024-05-14T02:45:00Z,0.05050763860344887
2024-05-14T02:50:00Z,0.04737617075443268
2024-05-14T02:55:00Z,0.040816064924001694
2024-05-14T03:00:00Z,0.03694520518183708
2024-05-14T03:05:00Z,0.039057325571775436
2024-05-14T03:10:00Z,0.0356762669980526
2024-05-14T03:15:00Z,0.03481031581759453
2024-05-14T03:20:00Z,0.034130677580833435
2024-05-14T03:25:00Z,0.03766641765832901
2024-05-14T03:30:00Z,0.03638714924454689
2024-05-14T03:35:00Z,0.03198176249861717
2024-05-14T03:40:00Z,0.03204317390918732
2024-05-14T03:45:00Z,0.03166404739022255
2024-05-14T03:50:00Z,0.0326492115855217
2024-05-14T03:55:00Z,0.028998253867030144
2024-05-14T04:00:00Z,0.02701396495103836
2024-05-14T04:05:00Z,0.02926335670053959
2024-05-14T04:10:00Z,0.027660515159368515
2024-05-14T04:15:00Z,0.027008995413780212
2024-05-14T04:20:00Z,0.02806015871465206
2024-05-14T04:25:00Z,0.026436131447553635
2024-05-14T04:30:00Z,0.024438414722681046
2024-05-14T04:35:00Z,0.02429346740245819
2024-05-14T04:40:00Z,0.024407334625720978
2024-05-14T04:45:00Z,0.023776372894644737
2024-05-14T04:50:00Z,0.022402623668313026
2024-05-14T04:55:00Z,0.022145317867398262
2024-05-14T05:00:00Z,0.020963214337825775
2024-05-14T05:05:00Z,0.019862225279211998
2024-05-14T05:10:00Z,0.022324660792946815
2024-05-14T05:15:00Z,0.022924628108739853
2024-05-14T05:20:00Z,0.023753900080919266
2024-05-14T05:25:00Z,0.02541397139430046
2024-05-14T05:30:00Z,0.0324210561811924
2024-05-14T05:35:00Z,0.035375822335481644
2024-05-14T05:40:00Z,0.03480638563632965
2024-05-14T05:45:00Z,0.031502094119787216
2024-05-14T05:50:00Z,0.03981407731771469
2024-05-14T05:55:00Z,0.04587985947728157
2024-05-14T06:00:00Z,0.043892767280340195
2024-05-14T06:05:00Z,0.041505031287670135
2024-05-14T06:10:00Z,0.04274735972285271
2024-05-14T06:15:00Z,0.03793306648731232
2024-05-14T06:20:00Z,0.04021257534623146
2024-05-14T06:25:00Z,0.03474577143788338
2024-05-14T06:30:00Z,0.032498206943273544
2024-05-14T06:35:00Z,0.03298190236091614
2024-05-14T06:40:00Z,0.027663256973028183
2024-05-14T06:45:00Z,0.02584802359342575
2024-05-14T06:50:00Z,0.02548619545996189
2024-05-14T06:55:00Z,0.02133035659790039
2024-05-14T07:00:00Z,0.024833012372255325
2024-05-14T07:05:00Z,0.027607511729002
2024-05-14T07:10:00Z,0.031916163861751556
2024-05-14T07:15:00Z,0.02881493605673313
2024-05-14T07:20:00Z,0.027432961389422417
2024-05-14T07:25:00Z,0.028267359361052513
2024-05-14T07:30:00Z,0.030607284978032112
2024-05-14T07:35:00Z,0.03264528140425682
2024-05-14T07:40:00Z,0.03130031004548073
2024-05-14T07:45:00Z,0.030794935300946236
2024-05-14T07:50:00Z,0.030974775552749634
2024-05-14T07:55:00Z,0.03202500939369202
2024-05-14T08:00:00Z,0.03275264799594879
2024-05-14T08:05:00Z,0.034029051661491394
2024-05-14T08:10:00Z,0.03388785198330879
2024-05-14T08:15:00Z,0.033852074295282364
2024-05-14T08:20:00Z,0.03370171785354614
2024-05-14T08:25:00Z,0.032243069261312485
2024-05-14T08:30:00Z,0.031253304332494736
2024-05-14T08:35:00Z,0.03413370996713638
2024-05-14T08:40:00Z,0.03668532520532608
2024-05-14T08:45:00Z,0.04000641033053398
2024-05-14T08:50:00Z,0.03865368664264679
2024-05-14T08:55:00Z,0.041058991104364395
2024-05-14T09:00:00Z,0.03905385360121727
2024-05-14T09:05:00Z,0.03657873719930649
2024-05-14T09:10:00Z,0.04022008925676346
2024-05-14T09:15:00Z,0.04091515392065048
2024-05-14T09:20:00Z,0.03489886224269867
2024-05-14T09:25:00Z,0.03150465711951256
2024-05-14T09:30:00Z,0.03184123337268829
2024-05-14T09:35:00Z,0.03924741968512535
2024-05-14T09:40:00Z,0.03639227896928787
2024-05-14T09:45:00Z,0.03690532594919205
2024-05-14T09:50:00Z,0.039455845952034
2024-05-14T09:55:00Z,0.03372954577207565
2024-05-14T10:00:00Z,0.032750338315963745
2024-05-14T10:05:00Z,0.03712345287203789
2024-05-14T10:10:00Z,0.03494076803326607
2024-05-14T10:15:00Z,0.03668130189180374
2024-05-14T10:20:00Z,0.034394752234220505
2024-05-14T10:25:00Z,0.03563650697469711
2024-05-14T10:30:00Z,0.03391999006271362
2024-05-14T10:35:00Z,0.03468602895736694
2024-05-14T10:40:00Z,0.034217555075883865
2024-05-14T10:45:00Z,0.03680698573589325
2024-05-14T10:50:00Z,0.035529300570487976
2024-05-14T10:55:00Z,0.034164246171712875
2024-05-14T11:00:00Z,0.03345394879579544
2024-05-14T11:05:00Z,0.03207675367593765
2024-05-14T11:10:00Z,0.027871115133166313
2024-05-14T11:15:00Z,0.02298068068921566
2024-05-14T11:20:00Z,0.019148128107190132
2024-05-14T11:25:00Z,0.016988787800073624
2024-05-14T11:30:00Z,0.017389273270964622
2024-05-14T11:35:00Z,0.014986719936132431
2024-05-14T11:40:00Z,0.01585562340915203
2024-05-14T11:45:00Z,0.01946023665368557
2024-05-14T11:50:00Z,0.02379092015326023
2024-05-14T11:55:00Z,0.0216996930539608
2024-05-14T12:00:00Z,0.029324645176529884
2024-05-14T12:05:00Z,0.05994391813874245
2024-05-14T12:10:00Z,0.07085326313972473
2024-05-14T12:15:00Z,0.07186586409807205
2024-05-14T12:20:00Z,0.09130124002695084
2024-05-14T12:25:00Z,0.12758579850196838
2024-05-14T12:30:00Z,0.1486010104417801
2024-05-14T12:35:00Z,0.1677437573671341
2024-05-14T12:40:00Z,0.17698048055171967
2024-05-14T12:45:00Z,0.17630915343761444
2024-05-14T12:50:00Z,0.18534070253372192
2024-05-14T12:55:00Z,0.17433057725429535
2024-05-14T13:00:00Z,0.1635155826807022
2024-05-14T13:05:00Z,0.18914088606834412
2024-05-14T13:10:00Z,0.22310097515583038
2024-05-14T13:15:00Z,0.21618837118148804
2024-05-14T13:20:00Z,0.20272555947303772
2024-05-14T13:25:00Z,0.20687049627304077
2024-05-14T13:30:00Z,0.2070521116256714
2024-05-14T13:35:00Z,0.20817355811595917
2024-05-14T13:40:00Z,0.1844710111618042
2024-05-14T13:45:00Z,0.177462637424469
2024-05-14T13:50:00Z,0.18196788430213928
2024-05-14T13:55:00Z,0.17509953677654266
2024-05-14T14:00:00Z,0.17580731213092804
2024-05-14T14:05:00Z,0.20044220983982086
2024-05-14T14:10:00Z,0.20090068876743317
2024-05-14T14:15:00Z,0.20381662249565125
2024-05-14T14:20:00Z,0.19993145763874054
2024-05-14T14:25:00Z,0.18609619140625
2024-05-14T14:30:00Z,0.1905999481678009
2024-05-14T14:35:00Z,0.20210358500480652
2024-05-14T14:40:00Z,0.1887352168560028
2024-05-14T14:45:00Z,0.1938621550798416
2024-05-14T14:50:00Z,0.20022884011268616
2024-05-14T14:55:00Z,0.21853311359882355
2024-05-14T15:00:00Z,0.22842173278331757
2024-05-14T15:05:00Z,0.22444607317447662
2024-05-14T15:10:00Z,0.21741902828216553
2024-05-14T15:15:00Z,0.2135116308927536
2024-05-14T15:20:00Z,0.1878008246421814
2024-05-14T15:25:00Z,0.17325137555599213
2024-05-14T15:30:00Z,0.16038778424263
2024-05-14T15:35:00Z,0.16806937754154205
2024-05-14T15:40:00Z,0.16750332713127136
2024-05-14T15:45:00Z,0.177874356508255
2024-05-14T15:50:00Z,0.16811686754226685
2024-05-14T15:55:00Z,0.17835794389247894
2024-05-14T16:00:00Z,0.22213640809059143
2024-05-14T16:05:00Z,0.2111179083585739
2024-05-14T16:10:00Z,0.1989433765411377
2024-05-14T16:15:00Z,0.18893949687480927
2024-05-14T16:20:00Z,0.21090903878211975
2024-05-14T16:25:00Z,0.2333284318447113
2024-05-14T16:30:00Z,0.18427154421806335
2024-05-14T16:35:00Z,0.1783170998096466
2024-05-14T16:40:00Z,0.18402685225009918
2024-05-14T16:45:00Z,0.18829871714115143
2024-05-14T16:50:00Z,0.19083020091056824
2024-05-14T16:55:00Z,0.19248443841934204
2024-05-14T17:00:00Z,0.20346488058567047
2024-05-14T17:05:00Z,0.20647358894348145
2024-05-14T17:10:00Z,0.19871141016483307
2024-05-14T17:15:00Z,0.19852088391780853
2024-05-14T17:20:00Z,0.21052049100399017
2024-05-14T17:25:00Z,0.20552746951580048
2024-05-14T17:30:00Z,0.19819298386573792
2024-05-14T17:35:00Z,0.2024160623550415
2024-05-14T17:40:00Z,0.2020292729139328
2024-05-14T17:45:00Z,0.21486365795135498
2024-05-14T17:50:00Z,0.21123234927654266
2024-05-14T17:55:00Z,0.20666776597499847
2024-05-14T18:00:00Z,0.18753324449062347
2024-05-14T18:05:00Z,0.16777324676513672
2024-05-14T18:10:00Z,0.1564730405807495
2024-05-14T18:15:00Z,0.14091451466083527
2024-05-14T18:20:00Z,0.15235573053359985
2024-05-14T18:25:00Z,0.1407267302274704
2024-05-14T18:30:00Z,0.13444922864437103
2024-05-14T18:35:00Z,0.13176514208316803
2024-05-14T18:40:00Z,0.13320522010326385
2024-05-14T18:45:00Z,0.13360050320625305
2024-05-14T18:50:00Z,0.15026675164699554
2024-05-14T18:55:00Z,0.15433888137340546
2024-05-14T19:00:00Z,0.14104023575782776
2024-05-14T19:05:00Z,0.1362311840057373
2024-05-14T19:10:00Z,0.1249573826789856
2024-05-14T19:15:00Z,0.11347077786922455
2024-05-14T19:20:00Z,0.11755942553281784
2024-05-14T19:25:00Z,0.1233181357383728
2024-05-14T19:30:00Z,0.14440543949604034
2024-05-14T19:35:00Z,0.15438619256019592
2024-05-14T19:40:00Z,0.16394254565238953
2024-05-14T19:45:00Z,0.17435017228126526
2024-05-14T19:50:00Z,0.18428295850753784
2024-05-14T19:55:00Z,0.1835786998271942
2024-05-14T20:00:00Z,0.17825660109519958
2024-05-14T20:05:00Z,0.1785893738269806
2024-05-14T20:10:00Z,0.1871703863143921
2024-05-14T20:15:00Z,0.19508886337280273
2024-05-14T20:20:00Z,0.19852660596370697
2024-05-14T20:25:00Z,0.19439245760440826
2024-05-14T20:30:00Z,0.18765586614608765
2024-05-14T20:35:00Z,0.19559518992900848
2024-05-14T20:40:00Z,0.19737596809864044
2024-05-14T20:45:00Z,0.20650237798690796
2024-05-14T20:50:00Z,0.21015463769435883
2024-05-14T20:55:00Z,0.2120504528284073
2024-05-14T21:00:00Z,0.21696145832538605
2024-05-14T21:05:00Z,0.20930543541908264
2024-05-14T21:10:00Z,0.200604647397995
2024-05-14T21:15:00Z,0.22119787335395813
2024-05-14T21:20:00Z,0.21811401844024658
2024-05-14T21:25:00Z,0.21483772993087769
2024-05-14T21:30:00Z,0.2126794308423996
2024-05-14T21:35:00Z,0.20957918465137482
2024-05-14T21:40:00Z,0.21962334215641022
2024-05-14T21:45:00Z,0.2226485162973404
2024-05-14T21:50:00Z,0.2215283066034317
2024-05-14T21:55:00Z,0.22528377175331116
2024-05-14T22:00:00Z,0.23433879017829895
2024-05-14T22:05:00Z,0.2181110978126526
2024-05-14T22:10:00Z,0.22331750392913818
2024-05-14T22:15:00Z,0.2259015589952469
2024-05-14T22:20:00Z,0.24215921759605408
2024-05-14T22:25:00Z,0.2352963089942932
2024-05-14T22:30:00Z,0.22743715345859528
2024-05-14T22:35:00Z,0.25028058886528015
2024-05-14T22:40:00Z,0.2552214562892914
2024-05-14T22:45:00Z,0.2480805665254593
2024-05-14T22:50:00Z,0.2393474578857422
2024-05-14T22:55:00Z,0.2354498952627182
2024-05-14T23:00:00Z,0.25031670928001404
2024-05-14T23:05:00Z,0.24125830829143524
2024-05-14T23:10:00Z,0.24729250371456146
2024-05-14T23:15:00Z,0.25257909297943115
2024-05-14T23:20:00Z,0.2551622688770294
2024-05-14T23:25:00Z,0.2500953674316406
2024-05-14T23:30:00Z,0.24904440343379974
2024-05-14T23:35:00Z,0.25449809432029724
2024-05-14T23:40:00Z,0.24812842905521393
2024-05-14T23:45:00Z,0.24594832956790924
2024-05-14T23:50:00Z,0.2502287030220032
2024-05-14T23:55:00Z,0.2655697762966156
2024-05-15T00:00:00Z,0.28852546215057373
2024-05-15T00:05:00Z,0.30807334184646606
2024-05-15T00:10:00Z,0.28497055172920227
2024-05-15T00:15:00Z,0.2923944890499115
2024-05-15T00:20:00Z,0.2905886769294739
2024-05-15T00:25:00Z,0.286194771528244
2024-05-15T00:30:00Z,0.27872005105018616
2024-05-15T00:35:00Z,0.28050294518470764
2024-05-15T00:40:00Z,0.29519641399383545
2024-05-15T00:45:00Z,0.3034147024154663
2024-05-15T00:50:00Z,0.2998192310333252
2024-05-15T00:55:00Z,0.3001098036766052
2024-05-15T01:00:00Z,0.29331547021865845
2024-05-15T01:05:00Z,0.2938160002231598
2024-05-15T01:10:00Z,0.29722344875335693
2024-05-15T01:15:00Z,0.2869313657283783
2024-05-15T01:20:00Z,0.28797879815101624
2024-05-15T01:25:00Z,0.28307631611824036
2024-05-15T01:30:00Z,0.2793441116809845
2024-05-15T01:35:00Z,0.3095949590206146
2024-05-15T01:40:00Z,0.3022747039794922
2024-05-15T01:45:00Z,0.29378756880760193
2024-05-15T01:50:00Z,0.26578184962272644
2024-05-15T01:55:00Z,0.29488059878349304
2024-05-15T02:00:00Z,0.2847233712673187
2024-05-15T02:05:00Z,0.268484503030777
2024-05-15T02:10:00Z,0.2668631076812744
2024-05-15T02:15:00Z,0.25021660327911377
2024-05-15T02:20:00Z,0.26070722937583923
2024-05-15T02:25:00Z,0.2657759189605713
2024-05-15T02:30:00Z,0.24334082007408142
2024-05-15T02:35:00Z,0.2708480954170227
2024-05-15T02:40:00Z,0.2601076662540436
2024-05-15T02:45:00Z,0.2787177264690399
2024-05-15T02:50:00Z,0.2798391580581665
2024-05-15T02:55:00Z,0.2964536249637604
2024-05-15T03:00:00Z,0.27076128125190735
2024-05-15T03:05:00Z,0.2586921751499176
2024-05-15T03:10:00Z,0.2490328997373581
2024-05-15T03:15:00Z,0.24351221323013306
2024-05-15T03:20:00Z,0.2338273972272873
2024-05-15T03:25:00Z,0.2281060665845871
2024-05-15T03:30:00Z,0.23472173511981964
2024-05-15T03:35:00Z,0.2313729226589203
2024-05-15T03:40:00Z,0.23381292819976807
2024-05-15T03:45:00Z,0.23886795341968536
2024-05-15T03:50:00Z,0.24678882956504822
2024-05-15T03:55:00Z,0.24194975197315216
2024-05-15T04:00:00Z,0.24956822395324707
2024-05-15T04:05:00Z,0.25704091787338257
2024-05-15T04:10:00Z,0.24887903034687042
2024-05-15T04:15:00Z,0.25460320711135864
2024-05-15T04:20:00Z,0.262228399515152
2024-05-15T04:25:00Z,0.3053397834300995
2024-05-15T04:30:00Z,0.3169851303100586
2024-05-15T04:35:00Z,0.2978901267051697
2024-05-15T04:40:00Z,0.2805085778236389
2024-05-15T04:45:00Z,0.2585826516151428
2024-05-15T04:50:00Z,0.24562081694602966
2024-05-15T04:55:00Z,0.23035547137260437
2024-05-15T05:00:00Z,0.23167337477207184
2024-05-15T05:05:00Z,0.21039271354675293
2024-05-15T05:10:00Z,0.19328412413597107
2024-05-15T05:15:00Z,0.19134336709976196
2024-05-15T05:20:00Z,0.17208342254161835
2024-05-15T05:25:00Z,0.16043446958065033
2024-05-15T05:30:00Z,0.15522101521492004
2024-05-15T05:35:00Z,0.14534056186676025
2024-05-15T05:40:00Z,0.14221084117889404
2024-05-15T05:45:00Z,0.14892657101154327
2024-05-15T05:50:00Z,0.14209525287151337
2024-05-15T05:55:00Z,0.12188607454299927
2024-05-15T06:00:00Z,0.1285535842180252
2024-05-15T06:05:00Z,0.11286947131156921
2024-05-15T06:10:00Z,0.11186512559652328
2024-05-15T06:15:00Z,0.09840043634176254
2024-05-15T06:20:00Z,0.12642410397529602
2024-05-15T06:25:00Z,0.13145142793655396
2024-05-15T06:30:00Z,0.14609679579734802
2024-05-15T06:35:00Z,0.15686550736427307
2024-05-15T06:40:00Z,0.16987143456935883
2024-05-15T06:45:00Z,0.1881735920906067
2024-05-15T06:50:00Z,0.23787365853786469
2024-05-15T06:55:00Z,0.24808554351329803
2024-05-15T07:00:00Z,0.29056739807128906
2024-05-15T07:05:00Z,0.3084399402141571
2024-05-15T07:10:00Z,0.3172629177570343
2024-05-15T07:15:00Z,0.36481061577796936
2024-05-15T07:20:00Z,0.357456773519516
2024-05-15T07:25:00Z,0.322923481464386
2024-05-15T07:30:00Z,0.3113097548484802
2024-05-15T07:35:00Z,0.319573312997818
2024-05-15T07:40:00Z,0.33956587314605713
2024-05-15T07:45:00Z,0.35557693243026733
2024-05-15T07:50:00Z,0.3826354444026947
2024-05-15T07:55:00Z,0.39119723439216614
2024-05-15T08:00:00Z,0.4178052544593811
2024-05-15T08:05:00Z,0.40993982553482056
2024-05-15T08:10:00Z,0.39508652687072754
2024-05-15T08:15:00Z,0.38175442814826965
2024-05-15T08:20:00Z,0.38464581966400146
2024-05-15T08:25:00Z,0.3930688798427582
2024-05-15T08:30:00Z,0.37561309337615967
2024-05-15T08:35:00Z,0.3709764778614044
2024-05-15T08:40:00Z,0.3755810260772705
2024-05-15T08:45:00Z,0.38990840315818787
2024-05-15T08:50:00Z,0.39140447974205017
2024-05-15T08:55:00Z,0.3919929265975952
2024-05-15T09:00:00Z,0.37478795647621155
2024-05-15T09:05:00Z,0.35872480273246765
2024-05-15T09:10:00Z,0.36015480756759644
2024-05-15T09:15:00Z,0.3469022512435913
2024-05-15T09:20:00Z,0.3276362419128418
2024-05-15T09:25:00Z,0.3275529444217682
2024-05-15T09:30:00Z,0.3521510064601898
2024-05-15T09:35:00Z,0.3685152530670166
2024-05-15T09:40:00Z,0.3274821639060974
2024-05-15T09:45:00Z,0.3225894570350647
2024-05-15T09:50:00Z,0.30960214138031006
2024-05-15T09:55:00Z,0.29484859108924866
2024-05-15T10:00:00Z,0.2729874551296234
2024-05-15T10:05:00Z,0.2270025610923767
2024-05-15T10:10:00Z,0.19032035768032074
2024-05-15T10:15:00Z,0.15386967360973358
2024-05-15T10:20:00Z,0.13291065394878387
2024-05-15T10:25:00Z,0.11863934993743896
2024-05-15T10:30:00Z,0.10508927702903748
2024-05-15T10:35:00Z,0.10045427829027176
2024-05-15T10:40:00Z,0.09490630775690079
2024-05-15T10:45:00Z,0.09364566951990128
2024-05-15T10:50:00Z,0.09327533841133118
2024-05-15T10:55:00Z,0.0882863774895668
2024-05-15T11:00:00Z,0.09056755155324936
2024-05-15T11:05:00Z,0.09707414358854294
2024-05-15T11:10:00Z,0.10546086728572845
2024-05-15T11:15:00Z,0.10053861886262894
2024-05-15T11:20:00Z,0.12118278443813324
2024-05-15T11:25:00Z,0.14127188920974731
2024-05-15T11:30:00Z,0.14394156634807587
2024-05-15T11:35:00Z,0.14957354962825775
2024-05-15T11:40:00Z,0.17708639800548553
2024-05-15T11:45:00Z,0.15453419089317322
2024-05-15T11:50:00Z,0.1685187667608261
2024-05-15T11:55:00Z,0.14029811322689056
2024-05-15T12:00:00Z,0.13704845309257507
2024-05-15T12:05:00Z,0.12003811448812485
2024-05-15T12:10:00Z,0.11378693580627441
2024-05-15T12:15:00Z,0.09525125473737717
2024-05-15T12:20:00Z,0.08816945552825928
2024-05-15T12:25:00Z,0.0794762596487999
2024-05-15T12:30:00Z,0.0727740228176117
2024-05-15T12:35:00Z,0.06320756673812866
2024-05-15T12:40:00Z,0.05518999695777893
2024-05-15T12:45:00Z,0.061198145151138306
2024-05-15T12:50:00Z,0.05702846124768257
2024-05-15T12:55:00Z,0.05897795036435127
2024-05-15T13:00:00Z,0.06225590035319328
2024-05-15T13:05:00Z,0.089888796210289
2024-05-15T13:10:00Z,0.11941836774349213
2024-05-15T13:15:00Z,0.13012607395648956
2024-05-15T13:20:00Z,0.15615621209144592
2024-05-15T13:25:00Z,0.20187155902385712
2024-05-15T13:30:00Z,0.22802112996578217
2024-05-15T13:35:00Z,0.2693172097206116
2024-05-15T13:40:00Z,0.2697127163410187
2024-05-15T13:45:00Z,0.3015629053115845
2024-05-15T13:50:00Z,0.2947128713130951
2024-05-15T13:55:00Z,0.2819384038448334
2024-05-15T14:00:00Z,0.28872889280319214
2024-05-15T14:05:00Z,0.2623630166053772
2024-05-15T14:10:00Z,0.24920544028282166
2024-05-15T14:15:00Z,0.23684173822402954
2024-05-15T14:20:00Z,0.22260528802871704
2024-05-15T14:25:00Z,0.210429847240448
2024-05-15T14:30:00Z,0.20139072835445404
2024-05-15T14:35:00Z,0.17541463673114777
2024-05-15T14:40:00Z,0.16471779346466064
2024-05-15T14:45:00Z,0.16361139714717865
2024-05-15T14:50:00Z,0.161266028881073
2024-05-15T14:55:00Z,0.15143494307994843
2024-05-15T15:00:00Z,0.13709430396556854
2024-05-15T15:05:00Z,0.1386365294456482
2024-05-15T15:10:00Z,0.12947671115398407
2024-05-15T15:15:00Z,0.1306905895471573
2024-05-15T15:20:00Z,0.14527501165866852
2024-05-15T15:25:00Z,0.14721132814884186
2024-05-15T15:30:00Z,0.1521625965833664
2024-05-15T15:35:00Z,0.149398535490036
2024-05-15T15:40:00Z,0.1463240683078766
2024-05-15T15:45:00Z,0.13420270383358002
2024-05-15T15:50:00Z,0.13655203580856323
2024-05-15T15:55:00Z,0.13185086846351624
2024-05-15T16:00:00Z,0.12994495034217834
2024-05-15T16:05:00Z,0.12038588523864746
2024-05-15T16:10:00Z,0.12009119242429733
2024-05-15T16:15:00Z,0.119430311024189
2024-05-15T16:20:00Z,0.1222626194357872
2024-05-15T16:25:00Z,0.12311282008886337
2024-05-15T16:30:00Z,0.12419699132442474
2024-05-15T16:35:00Z,0.12558475136756897
2024-05-15T16:40:00Z,0.12255117297172546
2024-05-15T16:45:00Z,0.12270179390907288
2024-05-15T16:50:00Z,0.11869126558303833
2024-05-15T16:55:00Z,0.11001530289649963
2024-05-15T17:00:00Z,0.11062780767679214
2024-05-15T17:05:00Z,0.10627291351556778
2024-05-15T17:10:00Z,0.10842500627040863
2024-05-15T17:15:00Z,0.10674725472927094
2024-05-15T17:20:00Z,0.11663380265235901
2024-05-15T17:25:00Z,0.11792862415313721
2024-05-15T17:30:00Z,0.11908629536628723
2024-05-15T17:35:00Z,0.12600690126419067
2024-05-15T17:40:00Z,0.12845394015312195
2024-05-15T17:45:00Z,0.13982337713241577
2024-05-15T17:50:00Z,0.14204062521457672
2024-05-15T17:55:00Z,0.13739916682243347
2024-05-15T18:00:00Z,0.15059250593185425
2024-05-15T18:05:00Z,0.14762870967388153
2024-05-15T18:10:00Z,0.15063542127609253
2024-05-15T18:15:00Z,0.15185490250587463
2024-05-15T18:20:00Z,0.16164974868297577
2024-05-15T18:25:00Z,0.16724476218223572
2024-05-15T18:30:00Z,0.21175320446491241
2024-05-15T18:35:00Z,0.32383275032043457
2024-05-15T18:40:00Z,0.33190545439720154
2024-05-15T18:45:00Z,0.31455013155937195
2024-05-15T18:50:00Z,0.3058224022388458
2024-05-15T18:55:00Z,0.28453636169433594
2024-05-15T19:00:00Z,0.27459076046943665
2024-05-15T19:05:00Z,0.26468586921691895
2024-05-15T19:10:00Z,0.24541421234607697
2024-05-15T19:15:00Z,0.2407098114490509
2024-05-15T19:20:00Z,0.2386135458946228
2024-05-15T19:25:00Z,0.23204955458641052
2024-05-15T19:30:00Z,0.22331327199935913
2024-05-15T19:35:00Z,0.2234409600496292
2024-05-15T19:40:00Z,0.21762612462043762
2024-05-15T19:45:00Z,0.2067958116531372
2024-05-15T19:50:00Z,0.18917202949523926
2024-05-15T19:55:00Z,0.18160997331142426
2024-05-15T20:00:00Z,0.16365979611873627
2024-05-15T20:05:00Z,0.15380442142486572
2024-05-15T20:10:00Z,0.15029571950435638
2024-05-15T20:15:00Z,0.1544020175933838
2024-05-15T20:20:00Z,0.15690138936042786
2024-05-15T20:25:00Z,0.14933349192142487
2024-05-15T20:30:00Z,0.13855980336666107
2024-05-15T20:35:00Z,0.14285603165626526
2024-05-15T20:40:00Z,0.12486886978149414
2024-05-15T20:45:00Z,0.12208574265241623
2024-05-15T20:50:00Z,0.11397220194339752
2024-05-15T20:55:00Z,0.10626450926065445
2024-05-15T21:00:00Z,0.09930247068405151
2024-05-15T21:05:00Z,0.09889064729213715
2024-05-15T21:10:00Z,0.09117534011602402
2024-05-15T21:15:00Z,0.0958830788731575
2024-05-15T21:20:00Z,0.09938497096300125
2024-05-15T21:25:00Z,0.09529402107000351
2024-05-15T21:30:00Z,0.09996772557497025
2024-05-15T21:35:00Z,0.10634983330965042
2024-05-15T21:40:00Z,0.1092032939195633
2024-05-15T21:45:00Z,0.11200127005577087
2024-05-15T21:50:00Z,0.109379343688488
2024-05-15T21:55:00Z,0.11372256278991699
2024-05-15T22:00:00Z,0.13934561610221863
2024-05-15T22:05:00Z,0.14885741472244263
2024-05-15T22:10:00Z,0.15152044594287872
2024-05-15T22:15:00Z,0.1511934995651245
2024-05-15T22:20:00Z,0.15720635652542114
2024-05-15T22:25:00Z,0.1567261666059494
2024-05-15T22:30:00Z,0.19505611062049866
2024-05-15T22:35:00Z,0.18649516999721527
2024-05-15T22:40:00Z,0.1762884110212326
2024-05-15T22:45:00Z,0.17009900510311127
2024-05-15T22:50:00Z,0.16125620901584625
2024-05-15T22:55:00Z,0.15771767497062683
2024-05-15T23:00:00Z,0.14787797629833221
2024-05-15T23:05:00Z,0.1397400051355362
2024-05-15T23:10:00Z,0.13561587035655975
2024-05-15T23:15:00Z,0.1298162043094635
2024-05-15T23:20:00Z,0.12906892597675323
2024-05-15T23:25:00Z,0.13779126107692719
2024-05-15T23:30:00Z,0.14116723835468292
2024-05-15T23:35:00Z,0.1420908421278
2024-05-15T23:40:00Z,0.14629271626472473
2024-05-15T23:45:00Z,0.13780441880226135
2024-05-15T23:50:00Z,0.13050779700279236
2024-05-15T23:55:00Z,0.14173753559589386
2024-05-16T00:00:00Z,0.14033128321170807
2024-05-16T00:05:00Z,0.15794700384140015
2024-05-16T00:10:00Z,0.19106759130954742
2024-05-16T00:15:00Z,0.1976662576198578
2024-05-16T00:20:00Z,0.22635574638843536
2024-05-16T00:25:00Z,0.2267090082168579
2024-05-16T00:30:00Z,0.22787337005138397
2024-05-16T00:35:00Z,0.229370579123497
2024-05-16T00:40:00Z,0.21826867759227753
2024-05-16T00:45:00Z,0.22917747497558594
2024-05-16T00:50:00Z,0.2173992544412613
2024-05-16T00:55:00Z,0.20646066963672638
2024-05-16T01:00:00Z,0.21019470691680908
2024-05-16T01:05:00Z,0.2139444202184677
2024-05-16T01:10:00Z,0.2153470516204834
2024-05-16T01:15:00Z,0.19368481636047363
2024-05-16T01:20:00Z,0.18427830934524536
2024-05-16T01:25:00Z,0.1761864423751831
2024-05-16T01:30:00Z,0.18082471191883087
2024-05-16T01:35:00Z,0.17802025377750397
2024-05-16T01:40:00Z,0.16370108723640442
2024-05-16T01:45:00Z,0.15347062051296234
2024-05-16T01:50:00Z,0.14211702346801758
2024-05-16T01:55:00Z,0.13111987709999084
2024-05-16T02:00:00Z,0.13863927125930786
2024-05-16T02:05:00Z,0.13320696353912354
2024-05-16T02:10:00Z,0.13513299822807312
2024-05-16T02:15:00Z,0.1606121063232422
2024-05-16T02:20:00Z,0.15116305649280548
2024-05-16T02:25:00Z,0.15074612200260162
2024-05-16T02:30:00Z,0.15395982563495636
2024-05-16T02:35:00Z,0.1618981510400772
2024-05-16T02:40:00Z,0.1535234898328781
2024-05-16T02:45:00Z,0.1491287350654602
2024-05-16T02:50:00Z,0.1481700986623764
2024-05-16T02:55:00Z,0.13896852731704712
2024-05-16T03:00:00Z,0.12437756359577179
2024-05-16T03:05:00Z,0.12388377636671066
2024-05-16T03:10:00Z,0.1305103898048401
2024-05-16T03:15:00Z,0.13958443701267242
2024-05-16T03:20:00Z,0.15423311293125153
2024-05-16T03:25:00Z,0.1565193384885788
2024-05-16T03:30:00Z,0.1569599211215973
2024-05-16T03:35:00Z,0.14830316603183746
2024-05-16T03:40:00Z,0.14553815126419067
2024-05-16T03:45:00Z,0.1472540944814682
2024-05-16T03:50:00Z,0.13811984658241272
2024-05-16T03:55:00Z,0.13686683773994446
2024-05-16T04:00:00Z,0.1295652985572815
2024-05-16T04:05:00Z,0.12684635818004608
2024-05-16T04:10:00Z,0.11668703705072403
2024-05-16T04:15:00Z,0.11894852668046951
2024-05-16T04:20:00Z,0.11236101388931274
2024-05-16T04:25:00Z,0.11721666902303696
2024-05-16T04:30:00Z,0.12260107696056366
2024-05-16T04:35:00Z,0.1219773069024086
2024-05-16T04:40:00Z,0.12729918956756592
2024-05-16T04:45:00Z,0.12322069704532623
2024-05-16T04:50:00Z,0.12207584083080292
2024-05-16T04:55:00Z,0.13953012228012085
2024-05-16T05:00:00Z,0.1494099348783493
2024-05-16T05:05:00Z,0.1563151776790619
2024-05-16T05:10:00Z,0.16875110566616058
2024-05-16T05:15:00Z,0.22225746512413025
2024-05-16T05:20:00Z,0.24562731385231018
2024-05-16T05:25:00Z,0.24779027700424194
2024-05-16T05:30:00Z,0.24907852709293365
2024-05-16T05:35:00Z,0.2584873139858246
2024-05-16T05:40:00Z,0.2410832643508911
2024-05-16T05:45:00Z,0.22028644382953644
2024-05-16T05:50:00Z,0.2469615936279297
2024-05-16T05:55:00Z,0.26169225573539734
2024-05-16T06:00:00Z,0.24890558421611786
2024-05-16T06:05:00Z,0.24522078037261963
2024-05-16T06:10:00Z,0.21786005795001984
2024-05-16T06:15:00Z,0.23774772882461548
2024-05-16T06:20:00Z,0.24507904052734375
2024-05-16T06:25:00Z,0.24092599749565125
2024-05-16T06:30:00Z,0.21875756978988647
2024-05-16T06:35:00Z,0.23670534789562225
2024-05-16T06:40:00Z,0.23960892856121063
2024-05-16T06:45:00Z,0.23610812425613403
2024-05-16T06:50:00Z,0.24229034781455994
2024-05-16T06:55:00Z,0.23160770535469055
2024-05-16T07:00:00Z,0.23499912023544312
2024-05-16T07:05:00Z,0.22840847074985504
2024-05-16T07:10:00Z,0.21162894368171692
2024-05-16T07:15:00Z,0.21622946858406067
2024-05-16T07:20:00Z,0.20469704270362854
2024-05-16T07:25:00Z,0.2114676833152771
2024-05-16T07:30:00Z,0.20942144095897675
2024-05-16T07:35:00Z,0.2011924684047699
2024-05-16T07:40:00Z,0.20294947922229767
2024-05-16T07:45:00Z,0.19672630727291107
2024-05-16T07:50:00Z,0.20414794981479645
2024-05-16T07:55:00Z,0.2002846598625183
2024-05-16T08:00:00Z,0.20594793558120728
2024-05-16T08:05:00Z,0.21761834621429443
2024-05-16T08:10:00Z,0.21147239208221436
2024-05-16T08:15:00Z,0.22569726407527924
2024-05-16T08:20:00Z,0.22901234030723572
2024-05-16T08:25:00Z,0.2464248239994049
2024-05-16T08:30:00Z,0.27733340859413147
2024-05-16T08:35:00Z,0.259939044713974
2024-05-16T08:40:00Z,0.2308131605386734
2024-05-16T08:45:00Z,0.23916682600975037
2024-05-16T08:50:00Z,0.24241727590560913
2024-05-16T08:55:00Z,0.2489374727010727
2024-05-16T09:00:00Z,0.2760985195636749
2024-05-16T09:05:00Z,0.26231345534324646
2024-05-16T09:10:00Z,0.27315959334373474
2024-05-16T09:15:00Z,0.24459847807884216
2024-05-16T09:20:00Z,0.20045602321624756
2024-05-16T09:25:00Z,0.19206535816192627
2024-05-16T09:30:00Z,0.18303091824054718
2024-05-16T09:35:00Z,0.1908816695213318
2024-05-16T09:40:00Z,0.20680485665798187
2024-05-16T09:45:00Z,0.21273791790008545
2024-05-16T09:50:00Z,0.19674688577651978
2024-05-16T09:55:00Z,0.20614829659461975
2024-05-16T10:00:00Z,0.22353750467300415
2024-05-16T10:05:00Z,0.23138850927352905
2024-05-16T10:10:00Z,0.22150635719299316
2024-05-16T10:15:00Z,0.2324589043855667
2024-05-16T10:20:00Z,0.22419489920139313
2024-05-16T10:25:00Z,0.22567300498485565
2024-05-16T10:30:00Z,0.26630672812461853
2024-05-16T10:35:00Z,0.29069408774375916
2024-05-16T10:40:00Z,0.28458380699157715
2024-05-16T10:45:00Z,0.266048789024353
2024-05-16T10:50:00Z,0.24988223612308502
2024-05-16T10:55:00Z,0.25536608695983887
2024-05-16T11:00:00Z,0.2715296745300293
2024-05-16T11:05:00Z,0.3021635413169861
2024-05-16T11:10:00Z,0.3139650821685791
2024-05-16T11:15:00Z,0.35016027092933655
2024-05-16T11:20:00Z,0.38631531596183777
2024-05-16T11:25:00Z,0.34857168793678284
2024-05-16T11:30:00Z,0.31262946128845215
2024-05-16T11:35:00Z,0.3198090195655823
2024-05-16T11:40:00Z,0.33294275403022766
2024-05-16T11:45:00Z,0.2936495542526245
2024-05-16T11:50:00Z,0.28932061791419983
2024-05-16T11:55:00Z,0.29549169540405273
2024-05-16T12:00:00Z,0.31927141547203064
2024-05-16T12:05:00Z,0.33731111884117126
2024-05-16T12:10:00Z,0.35719233751296997
2024-05-16T12:15:00Z,0.34286606311798096
2024-05-16T12:20:00Z,0.3287208080291748
2024-05-16T12:25:00Z,0.339400976896286
2024-05-16T12:30:00Z,0.31612759828567505
2024-05-16T12:35:00Z,0.2843385934829712
2024-05-16T12:40:00Z,0.2716377377510071
2024-05-16T12:45:00Z,0.275785893201828
2024-05-16T12:50:00Z,0.2624721825122833
2024-05-16T12:55:00Z,0.2669096887111664
2024-05-16T13:00:00Z,0.24349354207515717
2024-05-16T13:05:00Z,0.2470300793647766
2024-05-16T13:10:00Z,0.2573128938674927
2024-05-16T13:15:00Z,0.23782864212989807
2024-05-16T13:20:00Z,0.2830432653427124
2024-05-16T13:25:00Z,0.308552622795105
2024-05-16T13:30:00Z,0.3142971694469452
2024-05-16T13:35:00Z,0.30898401141166687
2024-05-16T13:40:00Z,0.29192104935646057
2024-05-16T13:45:00Z,0.3123425841331482
2024-05-16T13:50:00Z,0.29903337359428406
2024-05-16T13:55:00Z,0.28294891119003296
2024-05-16T14:00:00Z,0.2739376425743103
2024-05-16T14:05:00Z,0.27051472663879395
2024-05-16T14:10:00Z,0.26727309823036194
2024-05-16T14:15:00Z,0.2770985960960388
2024-05-16T14:20:00Z,0.2889825403690338
2024-05-16T14:25:00Z,0.30457189679145813
2024-05-16T14:30:00Z,0.2870257496833801
2024-05-16T14:35:00Z,0.27312543988227844
2024-05-16T14:40:00Z,0.2868390381336212
2024-05-16T14:45:00Z,0.28355279564857483
2024-05-16T14:50:00Z,0.30174514651298523
2024-05-16T14:55:00Z,0.29584118723869324
2024-05-16T15:00:00Z,0.28877145051956177
2024-05-16T15:05:00Z,0.27408769726753235
2024-05-16T15:10:00Z,0.2657613158226013
2024-05-16T15:15:00Z,0.26915669441223145
2024-05-16T15:20:00Z,0.27680110931396484
2024-05-16T15:25:00Z,0.26698538661003113
2024-05-16T15:30:00Z,0.2500184178352356
2024-05-16T15:35:00Z,0.23482456803321838
2024-05-16T15:40:00Z,0.2768554985523224
2024-05-16T15:45:00Z,0.303356409072876
2024-05-16T15:50:00Z,0.3032557964324951
2024-05-16T15:55:00Z,0.2773648500442505
2024-05-16T16:00:00Z,0.2553509473800659
2024-05-16T16:05:00Z,0.2534259557723999
2024-05-16T16:10:00Z,0.25143226981163025
2024-05-16T16:15:00Z,0.2534804046154022
2024-05-16T16:20:00Z,0.26462289690971375
2024-05-16T16:25:00Z,0.2678891718387604
2024-05-16T16:30:00Z,0.2621631324291229
2024-05-16T16:35:00Z,0.2673949599266052
2024-05-16T16:40:00Z,0.2534758746623993
2024-05-16T16:45:00Z,0.2498951554298401
2024-05-16T16:50:00Z,0.2461714744567871
2024-05-16T16:55:00Z,0.2233232706785202
2024-05-16T17:00:00Z,0.21339024603366852
2024-05-16T17:05:00Z,0.1960529237985611
2024-05-16T17:10:00Z,0.1864674985408783
2024-05-16T17:15:00Z,0.18812918663024902
2024-05-16T17:20:00Z,0.1908942312002182
2024-05-16T17:25:00Z,0.246885746717453
2024-05-16T17:30:00Z,0.2087736874818802
2024-05-16T17:35:00Z,0.17121152579784393
2024-05-16T17:40:00Z,0.1874290257692337
2024-05-16T17:45:00Z,0.19177886843681335
2024-05-16T17:50:00Z,0.19868040084838867
2024-05-16T17:55:00Z,0.17849402129650116
2024-05-16T18:00:00Z,0.16937170922756195
2024-05-16T18:05:00Z,0.18773038685321808
2024-05-16T18:10:00Z,0.19139589369297028
2024-05-16T18:15:00Z,0.17916253209114075
2024-05-16T18:20:00Z,0.161071315407753
2024-05-16T18:25:00Z,0.16650204360485077
2024-05-16T18:30:00Z,0.17328816652297974
2024-05-16T18:35:00Z,0.16714434325695038
2024-05-16T18:40:00Z,0.15930607914924622
2024-05-16T18:45:00Z,0.22555141150951385
2024-05-16T18:50:00Z,0.2370961755514145
2024-05-16T18:55:00Z,0.2006944715976715
2024-05-16T19:00:00Z,0.20307670533657074
2024-05-16T19:05:00Z,0.18490441143512726
2024-05-16T19:10:00Z,0.15889734029769897
2024-05-16T19:15:00Z,0.16690480709075928
2024-05-16T19:20:00Z,0.17946186661720276
2024-05-16T19:25:00Z,0.22182200849056244
2024-05-16T19:30:00Z,0.22196438908576965
2024-05-16T19:35:00Z,0.1927720308303833
2024-05-16T19:40:00Z,0.16431604325771332
2024-05-16T19:45:00Z,0.17446810007095337
2024-05-16T19:50:00Z,0.20555907487869263
2024-05-16T19:55:00Z,0.20040848851203918
2024-05-16T20:00:00Z,0.1737421452999115
2024-05-16T20:05:00Z,0.15614177286624908
2024-05-16T20:10:00Z,0.14960046112537384
2024-05-16T20:15:00Z,0.16393595933914185
2024-05-16T20:20:00Z,0.16427217423915863
2024-05-16T20:25:00Z,0.16798263788223267
2024-05-16T20:30:00Z,0.1558396965265274
2024-05-16T20:35:00Z,0.13287484645843506
2024-05-16T20:40:00Z,0.1346287578344345
2024-05-16T20:45:00Z,0.1320667415857315
2024-05-16T20:50:00Z,0.1319878250360489
2024-05-16T20:55:00Z,0.12867997586727142
2024-05-16T21:00:00Z,0.11333579570055008
2024-05-16T21:05:00Z,0.11091204732656479
2024-05-16T21:10:00Z,0.10707860440015793
2024-05-16T21:15:00Z,0.10776012390851974
2024-05-16T21:20:00Z,0.11007095873355865
2024-05-16T21:25:00Z,0.11871368438005447
2024-05-16T21:30:00Z,0.10982684046030045
2024-05-16T21:35:00Z,0.0942482277750969
2024-05-16T21:40:00Z,0.09971069544553757
2024-05-16T21:45:00Z,0.09562207013368607
2024-05-16T21:50:00Z,0.09862630814313889
2024-05-16T21:55:00Z,0.0946083813905716
2024-05-16T22:00:00Z,0.09489411860704422
2024-05-16T22:05:00Z,0.09016445279121399
2024-05-16T22:10:00Z,0.0811333879828453
2024-05-16T22:15:00Z,0.08676814287900925
2024-05-16T22:20:00Z,0.08377082645893097
2024-05-16T22:25:00Z,0.07845567911863327
2024-05-16T22:30:00Z,0.08325771242380142
2024-05-16T22:35:00Z,0.07669155299663544
2024-05-16T22:40:00Z,0.07130855321884155
2024-05-16T22:45:00Z,0.07058215886354446
2024-05-16T22:50:00Z,0.07202862203121185
2024-05-16T22:55:00Z,0.06654158979654312
2024-05-16T23:00:00Z,0.06653756648302078
2024-05-16T23:05:00Z,0.06418822705745697
2024-05-16T23:10:00Z,0.061051350086927414
2024-05-16T23:15:00Z,0.06054641678929329
2024-05-16T23:20:00Z,0.0633552297949791
2024-05-16T23:25:00Z,0.06256912648677826
2024-05-16T23:30:00Z,0.06581713259220123
2024-05-16T23:35:00Z,0.06989379972219467
2024-05-16T23:40:00Z,0.07653751224279404
2024-05-16T23:45:00Z,0.08372265100479126
2024-05-16T23:50:00Z,0.0908331349492073
2024-05-16T23:55:00Z,0.09007351100444794
2024-05-17T00:00:00Z,0.10234153270721436
2024-05-17T00:05:00Z,0.10490894317626953
2024-05-17T00:10:00Z,0.11963201314210892
2024-05-17T00:15:00Z,0.11942032724618912
2024-05-17T00:20:00Z,0.10948576778173447
2024-05-17T00:25:00Z,0.12190143764019012
2024-05-17T00:30:00Z,0.13103759288787842
2024-05-17T00:35:00Z,0.1267787516117096
2024-05-17T00:40:00Z,0.1162279024720192
2024-05-17T00:45:00Z,0.13207854330539703
2024-05-17T00:50:00Z,0.1211017295718193
2024-05-17T00:55:00Z,0.1189773753285408
2024-05-17T01:00:00Z,0.1133742481470108
2024-05-17T01:05:00Z,0.11615622043609619
2024-05-17T01:10:00Z,0.11452824622392654
2024-05-17T01:15:00Z,0.11813537776470184
2024-05-17T01:20:00Z,0.11499803513288498
2024-05-17T01:25:00Z,0.1323491632938385
2024-05-17T01:30:00Z,0.1136583760380745
2024-05-17T01:35:00Z,0.12203025072813034
2024-05-17T01:40:00Z,0.11318797618150711
2024-05-17T01:45:00Z,0.12559330463409424
2024-05-17T01:50:00Z,0.12505951523780823
2024-05-17T01:55:00Z,0.11315173655748367
2024-05-17T02:00:00Z,0.12328290194272995
2024-05-17T02:05:00Z,0.11668239533901215
2024-05-17T02:10:00Z,0.1199251189827919
2024-05-17T02:15:00Z,0.12035850435495377
2024-05-17T02:20:00Z,0.10772893577814102
2024-05-17T02:25:00Z,0.10700815171003342
2024-05-17T02:30:00Z,0.11086491495370865
2024-05-17T02:35:00Z,0.11129835993051529
2024-05-17T02:40:00Z,0.11108354479074478
2024-05-17T02:45:00Z,0.12277046591043472
2024-05-17T02:50:00Z,0.12454055994749069
2024-05-17T02:55:00Z,0.1251886934041977
2024-05-17T03:00:00Z,0.11252722889184952
2024-05-17T03:05:00Z,0.1286887675523758
2024-05-17T03:10:00Z,0.11912433058023453
2024-05-17T03:15:00Z,0.11749836802482605
2024-05-17T03:20:00Z,0.12637612223625183
2024-05-17T03:25:00Z,0.11075051873922348
2024-05-17T03:30:00Z,0.11597954481840134
2024-05-17T03:35:00Z,0.1090155765414238
2024-05-17T03:40:00Z,0.10165530443191528
2024-05-17T03:45:00Z,0.10067958384752274
2024-05-17T03:50:00Z,0.11276526749134064
2024-05-17T03:55:00Z,0.100279301404953
2024-05-17T04:00:00Z,0.10197717696428299
2024-05-17T04:05:00Z,0.10334669798612595
2024-05-17T04:10:00Z,0.10540086030960083
2024-05-17T04:15:00Z,0.10352470725774765
2024-05-17T04:20:00Z,0.11460176110267639
2024-05-17T04:25:00Z,0.11900187283754349
2024-05-17T04:30:00Z,0.13267646729946136
2024-05-17T04:35:00Z,0.1490204781293869
2024-05-17T04:40:00Z,0.1300431787967682
2024-05-17T04:45:00Z,0.14627864956855774
2024-05-17T04:50:00Z,0.18892495334148407
2024-05-17T04:55:00Z,0.13826823234558105
2024-05-17T05:00:00Z,0.18448489904403687
2024-05-17T05:05:00Z,0.1782052367925644
2024-05-17T05:10:00Z,0.1595163643360138
2024-05-17T05:15:00Z,0.15341539680957794
2024-05-17T05:20:00Z,0.1403200775384903
2024-05-17T05:25:00Z,0.1318041831254959
2024-05-17T05:30:00Z,0.12667953968048096
2024-05-17T05:35:00Z,0.11614561080932617
2024-05-17T05:40:00Z,0.11748049408197403
2024-05-17T05:45:00Z,0.1106916293501854
2024-05-17T05:50:00Z,0.10379830002784729
2024-05-17T05:55:00Z,0.10361668467521667
2024-05-17T06:00:00Z,0.104590505361557
2024-05-17T06:05:00Z,0.10567262023687363
2024-05-17T06:10:00Z,0.1026417687535286
2024-05-17T06:15:00Z,0.10491479188203812
2024-05-17T06:20:00Z,0.10314670205116272
2024-05-17T06:25:00Z,0.10466215759515762
2024-05-17T06:30:00Z,0.10996562987565994
2024-05-17T06:35:00Z,0.10881064832210541
2024-05-17T06:40:00Z,0.11429385840892792
2024-05-17T06:45:00Z,0.1090988740324974
2024-05-17T06:50:00Z,0.10556414723396301
2024-05-17T06:55:00Z,0.10401353240013123
2024-05-17T07:00:00Z,0.099504753947258
2024-05-17T07:05:00Z,0.10434018075466156
2024-05-17T07:10:00Z,0.1009502112865448
2024-05-17T07:15:00Z,0.10372953116893768
2024-05-17T07:20:00Z,0.0938451811671257
2024-05-17T07:25:00Z,0.09745562076568604
2024-05-17T07:30:00Z,0.09680761396884918
2024-05-17T07:35:00Z,0.10969018191099167
2024-05-17T07:40:00Z,0.1081010177731514
2024-05-17T07:45:00Z,0.10272593796253204
2024-05-17T07:50:00Z,0.09835835546255112
2024-05-17T07:55:00Z,0.08991873264312744
2024-05-17T08:00:00Z,0.09384963661432266
2024-05-17T08:05:00Z,0.09056764841079712
2024-05-17T08:10:00Z,0.09035119414329529
2024-05-17T08:15:00Z,0.09572656452655792
2024-05-17T08:20:00Z,0.08573181927204132
2024-05-17T08:25:00Z,0.08749978244304657
2024-05-17T08:30:00Z,0.08089639246463776
2024-05-17T08:35:00Z,0.08490079641342163
2024-05-17T08:40:00Z,0.08219560235738754
2024-05-17T08:45:00Z,0.07973884791135788
2024-05-17T08:50:00Z,0.07526692748069763
2024-05-17T08:55:00Z,0.07624403387308121
2024-05-17T09:00:00Z,0.06978343427181244
2024-05-17T09:05:00Z,0.06707903742790222
2024-05-17T09:10:00Z,0.07018423825502396
2024-05-17T09:15:00Z,0.07577374577522278
2024-05-17T09:20:00Z,0.08053844422101974
2024-05-17T09:25:00Z,0.07949170470237732
2024-05-17T09:30:00Z,0.07884269207715988
2024-05-17T09:35:00Z,0.08522921055555344
2024-05-17T09:40:00Z,0.07714539766311646
2024-05-17T09:45:00Z,0.07794224470853806
2024-05-17T09:50:00Z,0.07675032317638397
2024-05-17T09:55:00Z,0.08025036752223969
2024-05-17T10:00:00Z,0.07978129386901855
2024-05-17T10:05:00Z,0.08523115515708923
2024-05-17T10:10:00Z,0.08898358792066574
2024-05-17T10:15:00Z,0.08165660500526428
2024-05-17T10:20:00Z,0.0875772014260292
2024-05-17T10:25:00Z,0.08411379903554916
2024-05-17T10:30:00Z,0.08101041615009308
2024-05-17T10:35:00Z,0.09530025720596313
2024-05-17T10:40:00Z,0.08627843856811523
2024-05-17T10:45:00Z,0.09010492265224457
2024-05-17T10:50:00Z,0.08790227770805359
2024-05-17T10:55:00Z,0.0769328847527504
2024-05-17T11:00:00Z,0.07502399384975433
2024-05-17T11:05:00Z,0.08249503374099731
2024-05-17T11:10:00Z,0.07105223834514618
2024-05-17T11:15:00Z,0.07827436178922653
2024-05-17T11:20:00Z,0.07419338822364807
2024-05-17T11:25:00Z,0.07401644438505173
2024-05-17T11:30:00Z,0.08079894632101059
2024-05-17T11:35:00Z,0.07910259813070297
2024-05-17T11:40:00Z,0.07780550420284271
2024-05-17T11:45:00Z,0.06881867349147797
2024-05-17T11:50:00Z,0.0694698616862297
2024-05-17T11:55:00Z,0.06697997450828552
2024-05-17T12:00:00Z,0.06745007634162903
2024-05-17T12:05:00Z,0.0635884627699852
2024-05-17T12:10:00Z,0.08051616698503494
2024-05-17T12:15:00Z,0.07910630106925964
2024-05-17T12:20:00Z,0.05673033744096756
2024-05-17T12:25:00Z,0.052656371146440506
2024-05-17T12:30:00Z,0.03879864141345024
2024-05-17T12:35:00Z,0.034178558737039566
2024-05-17T12:40:00Z,0.03544263169169426
2024-05-17T12:45:00Z,0.03872591257095337
2024-05-17T12:50:00Z,0.05836108699440956
2024-05-17T12:55:00Z,0.06572306156158447
2024-05-17T13:00:00Z,0.07791854441165924
2024-05-17T13:05:00Z,0.06698499619960785
2024-05-17T13:10:00Z,0.06298047304153442
2024-05-17T13:15:00Z,0.06391920149326324
2024-05-17T13:20:00Z,0.05760180205106735
2024-05-17T13:25:00Z,0.09701912105083466
2024-05-17T13:30:00Z,0.10206896811723709
2024-05-17T13:35:00Z,0.11177422851324081
2024-05-17T13:40:00Z,0.1191411167383194
2024-05-17T13:45:00Z,0.1140502467751503
2024-05-17T13:50:00Z,0.12462446838617325
2024-05-17T13:55:00Z,0.1463841199874878
2024-05-17T14:00:00Z,0.12505440413951874
2024-05-17T14:05:00Z,0.11329135298728943
2024-05-17T14:10:00Z,0.10484646260738373
2024-05-17T14:15:00Z,0.10560684651136398
2024-05-17T14:20:00Z,0.07171434164047241
2024-05-17T14:25:00Z,0.07031013071537018
2024-05-17T14:30:00Z,0.07330738753080368
2024-05-17T14:35:00Z,0.07984044402837753
2024-05-17T14:40:00Z,0.09608691185712814
2024-05-17T14:45:00Z,0.08500657230615616
2024-05-17T14:50:00Z,0.06424891203641891
2024-05-17T14:55:00Z,0.058875709772109985
2024-05-17T15:00:00Z,0.0739673525094986
2024-05-17T15:05:00Z,0.07003262639045715
2024-05-17T15:10:00Z,0.0776166096329689
2024-05-17T15:15:00Z,0.08393710106611252
2024-05-17T15:20:00Z,0.07285240292549133
2024-05-17T15:25:00Z,0.057290103286504745
2024-05-17T15:30:00Z,0.047471240162849426
2024-05-17T15:35:00Z,0.042379219084978104
2024-05-17T15:40:00Z,0.048550043255090714
2024-05-17T15:45:00Z,0.042053598910570145
2024-05-17T15:50:00Z,0.02898498997092247
2024-05-17T15:55:00Z,0.04144209250807762
2024-05-17T16:00:00Z,0.05339209735393524
2024-05-17T16:05:00Z,0.06465772539377213
2024-05-17T16:10:00Z,0.07636009156703949
2024-05-17T16:15:00Z,0.09619051963090897
2024-05-17T16:20:00Z,0.08439018577337265
2024-05-17T16:25:00Z,0.0694066658616066
2024-05-17T16:30:00Z,0.07371047139167786
2024-05-17T16:35:00Z,0.07183779031038284
2024-05-17T16:40:00Z,0.058886125683784485
2024-05-17T16:45:00Z,0.056318704038858414
2024-05-17T16:50:00Z,0.0609535314142704
2024-05-17T16:55:00Z,0.07003778219223022
2024-05-17T17:00:00Z,0.0811212882399559
2024-05-17T17:05:00Z,0.08110660314559937
2024-05-17T17:10:00Z,0.07278219610452652
2024-05-17T17:15:00Z,0.08027897030115128
2024-05-17T17:20:00Z,0.08374065905809402
2024-05-17T17:25:00Z,0.07850709557533264
2024-05-17T17:30:00Z,0.07276282459497452
2024-05-17T17:35:00Z,0.07502680271863937
2024-05-17T17:40:00Z,0.07604201883077621
2024-05-17T17:45:00Z,0.09017743915319443
2024-05-17T17:50:00Z,0.07068245112895966
2024-05-17T17:55:00Z,0.0754999965429306
2024-05-17T18:00:00Z,0.06902892887592316
2024-05-17T18:05:00Z,0.11669480800628662
2024-05-17T18:10:00Z,0.1314612776041031
2024-05-17T18:15:00Z,0.2320377677679062
2024-05-17T18:20:00Z,0.27356916666030884
2024-05-17T18:25:00Z,0.27370119094848633
2024-05-17T18:30:00Z,0.22838276624679565
2024-05-17T18:35:00Z,0.14480136334896088
2024-05-17T18:40:00Z,0.16102290153503418
2024-05-17T18:45:00Z,0.15415829420089722
2024-05-17T18:50:00Z,0.12776118516921997
2024-05-17T18:55:00Z,0.14319631457328796
2024-05-17T19:00:00Z,0.15188762545585632
2024-05-17T19:05:00Z,0.19027656316757202
2024-05-17T19:10:00Z,0.14401887357234955
2024-05-17T19:15:00Z,0.17086049914360046
2024-05-17T19:20:00Z,0.11824727058410645
2024-05-17T19:25:00Z,0.13029736280441284
2024-05-17T19:30:00Z,0.1070011779665947
2024-05-17T19:35:00Z,0.13929037749767303
2024-05-17T19:40:00Z,0.1651904284954071
2024-05-17T19:45:00Z,0.13392511010169983
2024-05-17T19:50:00Z,0.08395609259605408
2024-05-17T19:55:00Z,0.0961097776889801
2024-05-17T20:00:00Z,0.09822912514209747
2024-05-17T20:05:00Z,0.09932056814432144
2024-05-17T20:10:00Z,0.15614253282546997
2024-05-17T20:15:00Z,0.1185465157032013
2024-05-17T20:20:00Z,0.14022321999073029
2024-05-17T20:25:00Z,0.12489581108093262
2024-05-17T20:30:00Z,0.15601509809494019
2024-05-17T20:35:00Z,0.0969569981098175
2024-05-17T20:40:00Z,0.11336883157491684
2024-05-17T20:45:00Z,0.12760642170906067
2024-05-17T20:50:00Z,0.1334613859653473
2024-05-17T20:55:00Z,0.10744133591651917
2024-05-17T21:00:00Z,0.11950261145830154
2024-05-17T21:05:00Z,0.08868397772312164
2024-05-17T21:10:00Z,0.07625763863325119
2024-05-17T21:15:00Z,0.0843534767627716
2024-05-17T21:20:00Z,0.07237882912158966
2024-05-17T21:25:00Z,0.07685193419456482
2024-05-17T21:30:00Z,0.09207925945520401
2024-05-17T21:35:00Z,0.1026436910033226
2024-05-17T21:40:00Z,0.09790395945310593
2024-05-17T21:45:00Z,0.11442701518535614
2024-05-17T21:50:00Z,0.12983451783657074
2024-05-17T21:55:00Z,0.1207718625664711
2024-05-17T22:00:00Z,0.12679356336593628
2024-05-17T22:05:00Z,0.11752496659755707
2024-05-17T22:10:00Z,0.10861384123563766
2024-05-17T22:15:00Z,0.11958874762058258
2024-05-17T22:20:00Z,0.14037840068340302
2024-05-17T22:25:00Z,0.13317584991455078
2024-05-17T22:30:00Z,0.11723442375659943
2024-05-17T22:35:00Z,0.10973640531301498
2024-05-17T22:40:00Z,0.11294073611497879
2024-05-17T22:45:00Z,0.10226482897996902
2024-05-17T22:50:00Z,0.09223848581314087
2024-05-17T22:55:00Z,0.09664197266101837
2024-05-17T23:00:00Z,0.07689344137907028
2024-05-17T23:05:00Z,0.0814174935221672
2024-05-17T23:10:00Z,0.10933898389339447
2024-05-17T23:15:00Z,0.1296515017747879
2024-05-17T23:20:00Z,0.1798419952392578
2024-05-17T23:25:00Z,0.2050119787454605
2024-05-17T23:30:00Z,0.20454855263233185
2024-05-17T23:35:00Z,0.21452908217906952
2024-05-17T23:40:00Z,0.19281361997127533
2024-05-17T23:45:00Z,0.1962466984987259
2024-05-17T23:50:00Z,0.17475125193595886
2024-05-17T23:55:00Z,0.1630145162343979
2024-05-18T00:00:00Z,0.1653439998626709
2024-05-18T00:05:00Z,0.1561993658542633
2024-05-18T00:10:00Z,0.1522051841020584
2024-05-18T00:15:00Z,0.162396639585495
2024-05-18T00:20:00Z,0.1456950455904007
2024-05-18T00:25:00Z,0.13266196846961975
2024-05-18T00:30:00Z,0.1255730390548706
2024-05-18T00:35:00Z,0.1331791877746582
2024-05-18T00:40:00Z,0.1279079020023346
2024-05-18T00:45:00Z,0.10682844370603561
2024-05-18T00:50:00Z,0.10187499970197678
2024-05-18T00:55:00Z,0.1198442205786705
2024-05-18T01:00:00Z,0.13354037702083588
2024-05-18T01:05:00Z,0.14555713534355164
2024-05-18T01:10:00Z,0.15317398309707642
2024-05-18T01:15:00Z,0.148420512676239
2024-05-18T01:20:00Z,0.14862146973609924
2024-05-18T01:25:00Z,0.16996623575687408
2024-05-18T01:30:00Z,0.1665160208940506
2024-05-18T01:35:00Z,0.17163434624671936
2024-05-18T01:40:00Z,0.15951243042945862
2024-05-18T01:45:00Z,0.1614951193332672
2024-05-18T01:50:00Z,0.16960656642913818
2024-05-18T01:55:00Z,0.1779351532459259
2024-05-18T02:00:00Z,0.17194806039333344
2024-05-18T02:05:00Z,0.16470195353031158
2024-05-18T02:10:00Z,0.17405958473682404
2024-05-18T02:15:00Z,0.18136073648929596
2024-05-18T02:20:00Z,0.17860713601112366
2024-05-18T02:25:00Z,0.17068101465702057
2024-05-18T02:30:00Z,0.1727277934551239
2024-05-18T02:35:00Z,0.16977541148662567
2024-05-18T02:40:00Z,0.16210901737213135
2024-05-18T02:45:00Z,0.1661110520362854
2024-05-18T02:50:00Z,0.16464149951934814
2024-05-18T02:55:00Z,0.16130632162094116
2024-05-18T03:00:00Z,0.16446077823638916
2024-05-18T03:05:00Z,0.16218522191047668
2024-05-18T03:10:00Z,0.16299350559711456
2024-05-18T03:15:00Z,0.1679724007844925
2024-05-18T03:20:00Z,0.1826275736093521
2024-05-18T03:25:00Z,0.18334342539310455
2024-05-18T03:30:00Z,0.17478249967098236
2024-05-18T03:35:00Z,0.16752146184444427
2024-05-18T03:40:00Z,0.17285576462745667
2024-05-18T03:45:00Z,0.16211247444152832
2024-05-18T03:50:00Z,0.13699138164520264
2024-05-18T03:55:00Z,0.14605030417442322
2024-05-18T04:00:00Z,0.16987773776054382
2024-05-18T04:05:00Z,0.17575260996818542
2024-05-18T04:10:00Z,0.17367233335971832
2024-05-18T04:15:00Z,0.16827213764190674
2024-05-18T04:20:00Z,0.17008408904075623
2024-05-18T04:25:00Z,0.179131880402565
2024-05-18T04:30:00Z,0.18338291347026825
2024-05-18T04:35:00Z,0.17565178871154785
2024-05-18T04:40:00Z,0.17051304876804352
2024-05-18T04:45:00Z,0.17215102910995483
2024-05-18T04:50:00Z,0.15741653740406036
2024-05-18T04:55:00Z,0.15605010092258453
2024-05-18T05:00:00Z,0.16928862035274506
2024-05-18T05:05:00Z,0.18347099423408508
2024-05-18T05:10:00Z,0.1784178763628006
2024-05-18T05:15:00Z,0.19014278054237366
2024-05-18T05:20:00Z,0.2053665667772293
2024-05-18T05:25:00Z,0.23410241305828094
2024-05-18T05:30:00Z,0.22187219560146332
2024-05-18T05:35:00Z,0.2396378368139267
2024-05-18T05:40:00Z,0.24124327301979065
2024-05-18T05:45:00Z,0.2170768678188324
2024-05-18T05:50:00Z,0.20847786962985992
2024-05-18T05:55:00Z,0.1969604343175888
2024-05-18T06:00:00Z,0.19003558158874512
2024-05-18T06:05:00Z,0.18661853671073914
2024-05-18T06:10:00Z,0.1977812498807907
2024-05-18T06:15:00Z,0.17866462469100952
2024-05-18T06:20:00Z,0.15913254022598267
2024-05-18T06:25:00Z,0.15516969561576843
2024-05-18T06:30:00Z,0.15462473034858704
2024-05-18T06:35:00Z,0.15044818818569183
2024-05-18T06:40:00Z,0.1425136923789978
2024-05-18T06:45:00Z,0.13649913668632507
2024-05-18T06:50:00Z,0.13506439328193665
2024-05-18T06:55:00Z,0.14476248621940613
2024-05-18T07:00:00Z,0.17000626027584076
2024-05-18T07:05:00Z,0.1650909185409546
2024-05-18T07:10:00Z,0.15495005249977112
2024-05-18T07:15:00Z,0.13720422983169556
2024-05-18T07:20:00Z,0.12826089560985565
2024-05-18T07:25:00Z,0.1265774667263031
2024-05-18T07:30:00Z,0.12241044640541077
2024-05-18T07:35:00Z,0.12014896422624588
2024-05-18T07:40:00Z,0.11759003251791
2024-05-18T07:45:00Z,0.12278164178133011
2024-05-18T07:50:00Z,0.11639508605003357
2024-05-18T07:55:00Z,0.11846310645341873
2024-05-18T08:00:00Z,0.12123466283082962
2024-05-18T08:05:00Z,0.1221994012594223
2024-05-18T08:10:00Z,0.11823282390832901
2024-05-18T08:15:00Z,0.12424900382757187
2024-05-18T08:20:00Z,0.11755262315273285
2024-05-18T08:25:00Z,0.11864154785871506
2024-05-18T08:30:00Z,0.12126607447862625
2024-05-18T08:35:00Z,0.12341294437646866
2024-05-18T08:40:00Z,0.12496504932641983
2024-05-18T08:45:00Z,0.12053928524255753
2024-05-18T08:50:00Z,0.11217744648456573
2024-05-18T08:55:00Z,0.11050710082054138
2024-05-18T09:00:00Z,0.0989057719707489
2024-05-18T09:05:00Z,0.09396497905254364
2024-05-18T09:10:00Z,0.09245092421770096
2024-05-18T09:15:00Z,0.09733495116233826
2024-05-18T09:20:00Z,0.10533241182565689
2024-05-18T09:25:00Z,0.10399650782346725
2024-05-18T09:30:00Z,0.10542947798967361
